prime,area_2000_ha,area_2010_ha,area_2016_ha,area_2023_ha
Abbou,2375,2375,,
Abbuoto,696.33,37.06,18.49882444,
Abondant,0.36,0.3156,0.3125473442,0.3125473442
Abouriou,419.04,328.8513,310.2260459,185.9373
Abrusco,398.87,423.05,213.4629233,
Accent,,,1,1
Acolon,,490.3654,477.0115,486.3575231
Adakarası,48.01380427,68.75,88.6325,88.63249969
Adalmiina,,,4.9,5.37900009
Adirondac,,,24.04620694,
Admirable de Courtiller,,27.7487,26.76766963,26.76766963
Affenthaler,,,,0.4047
Afus Ali,1837.21,380.9139,211.1059824,160.2126573
Agadai,1264.644,,,0.13
Agadaj,,,,0.25
Agasfark,,,0.048,0.048
Agat Donskoi,,,,0.04999999981
Agiorgitiko,2319.54,2905.3,3272.489353,3157.74
Aglianico,9346.0044,9994.7761,9709.45369,9603.88756
Aglianicone,148.35,62.43,30.26329016,
Agni,,6,,6.6
Agronomica,19.08,326.58,298.7190301,298.7190301
Agua Santa,,77.75,76.42691952,76.42691952
Ahmeur Bou Ahmeur,3.21,1,0.3,0.9
Airén,387977.66,252364,203800.5714,190426.005
Akhtanak,,,,147.8605
Aladasturi,46,59.0088,59.0088,
Alarije,1685.95,1726,4406.634521,3183
Alb Aromat,,,24,24.6421
Alb de Ialoveni,2,2,,
Alb de Suruceni,,,780.3977655,780.3977661
Alba,,,,26.2484
Albalonga,57,15,12,12
Albana,2487.22,1522.8748,782.1157476,1038.417913
Albanello,116.6,17.71,2.071440568,
Albany Surprise,,,,1
Albaranzeuli Bianco,72.25,6.86,2.427009586,
Albaranzeuli Nero,39.81,49.45,27.51050419,
Albarola,4089.9,196.71,95.2553017,
Albarossa,4.76,80.05,69.56793754,
Albarín Blanco,,23,48.1327,196
Albillo Mayor,4.888678253,1319.25,1152.48575,903.95
Albillo Real,3368.33,861,600.782,840
Alcañon,54.14,60,27.221973,11
Alden,,,,0.1536000017
Aleatico,457.77,346.1416,162.9428768,14.90631752
Aledo,,7,2.2713,2.2713
Aleksandrouli,219,280.9332,280.9332,336
Aletta,,722.9594,1676.0987,2041.1684
Alfrocheiro,522.59,1187.795778,1215.86536,1270.091
Alicante Henri Bouschet,37148.61265,38431.89278,36012.05545,68972.02616
Aligoté,35667.7242,36120.07717,26929.13564,24989.63707
Alionza,40.68,10.59,8.565098826,
Allegro,,,,0.129999999
Almafra,,0.19,0.08902405964,0.08902405964
Alphonse Lavallée,15.12088694,861.8679,633.8819764,970.8946764
Altesse,293.57,358.9603,226.7057794,295.0427
Alurdreni,,,,46.907
Alutus,,,1.680673737,
Alvar Branco,,0.22,0.1622624071,0.1622624071
Alvar Roxo,,1.7,1.754856788,1.754856788
Alvarelhao Ceitao,,0.02,0.01958933476,0.01958933476
Alvarelhão,158.67,179.51,48.17200327,51.71545482
Alvarinho,5113.35,5521.390406,8405.492214,10657.07594
Amaral,582.35,92.23,93.12762023,93.12762023
Amigne,20.93,43.26,41.54009901,40.1862
Amur,,146,146,0.8094
Amurensis,,,,2.1
Amurg,,,3.241146032,
Ancellotta,4404.6624,4681.38629,2739.224424,7646.909071
Andor,,,0.584,0.5548
André,,477.2,5,166.0448
Antao Vaz,376.07,1251.6,1768,1768
Antigona,,,,0.22
Antão Vaz,,,,1496.22
Apiren Alb,,,1.382336032,1.38233602
Apiren Roz,,,0.4123914176,0.4123914242
Ar110,0.6983826075,1,1,1
Ar99,3.491913038,5,5,5
Aramon Bouschet,10.01,,,
Aramon Noir,9156.56,2600.5022,1181.057599,1181.737599
Aramon Noir (W),43.06,14.8665,14.39912289,14.39912289
Aramont,0.95,,0.178,0.178
Arandell,,,,41.2794
Aranel,21.75,5.0234,4.746381965,4.746381965
Arany Sárfehér,2913.739,1133.1561,586.2266,156.8748
Aravelle,,,,3.2376
Arbane,1.34,1.7285,1.319451052,14
Arcas,,,0.8935689357,
Areni Sev,,,,883.98351
Argaman,202.343,202.343,275,357.5
Argentina,,,,4.53
Ariana,,3,,0.0005000000237
Arinarnoa,149.8,188.615817,486.0789827,536.6672311
Arinto de Bucelas,3965.95,4482.23,5409,6440.255
Arizul,,,,1294.1232
Arkadia,,,303.1076919,303.1151965
Arkansas 1704,,,,0.03999999911
Armonoir,,,,1.2
Arneis,737.76,1122.49,1167.143588,1269.566566
Arnsburger,3,28.39,29.39,29.39
Aromat de Iasi,,,66.04350188,61.1085
Aromella,,,2.832802,5.2611
Arriloba,58.91,54.599828,54.22643347,56.47034819
Arrouya,,0.0169,0.01643125967,0.01643125967
Arrufiac,126,80.0869,8.633949016,8.633949016
Artaban,,,,0.02749980519
Arvesiniadu,146.51,29.91,12.58953387,
Arvine,60.87,172.31,191.8613201,253.9831179
Asirtiko Red,21.7,4.8,5.107185597,
Aspiran Bouschet,432.6726,2244.8736,4088.026765,4471.450548
Asprouda,433.01,112.7,120.0239949,
Assaraky,,1.03,0.4826041128,0.4826041128
Assyrtiko,1106.2,902,1770,2164.53
Astra,,,0.2232312499,
Athiri,1350.12,747.5,577.2953037,572
Aubin Blanc,1.44,0.8642,0.6777191487,0.6777191487
Aubun,1411.44,553.3495,537.4873161,537.7873161
Augster Blau,,,0.096,0.096
Augster Weiss,,0.6171,0.6774,0.4046
Augustovski,,,0.298777582,0.2987775803
Aurelius,,69.52,,48.2257
Aurore,298.658304,267.6188518,255.112318,576.80395
Auxerrois,2302.09,2784.84542,2852.679642,3020.174909
Avana,52.55,27.52,18.46134123,
Avarengo,1452.99,987.25,153.1932588,
Avesso,635.85,685.39,699.1112464,779.872
Azal,3302.34,1071.93,1442.811968,1632.857
BX 81-83,,,0.57099998,0.57099998
Babica,,17.96,,10.05
Babić,1188.967,358.63,,274.56
Babosa de Madere,,2.06,1.571836206,1.571836206
Bacchus,3392.43,2113.34049,1758.685316,2985.239845
Backa,,,,29.6252
Baco Blanc,2136.57,738.625,527.5454886,920.2721
Baco Noir,397.156604,474.580873,735.3412701,741.6748114
Baga,6729.5,4108.1,6750.0414,7202.6714
Bagrina,,,,0.59
Bailey,,34.37086111,48.96898537,73.45347595
Bakator Belyi,,,11.31288752,
Bakator Kék,,2.5556,2.3841,2.3841
Bakator Roz,,1.9087,16.21631054,1.7474
Balada,,,0.4507554084,
Baleille,1.47,,,
Banatski Muskat,,,,0.02
Baratuciat,,1.7,1.74725054,
Barbarossa,16.21,,,
Barbaroux,79.25,29.9503,29.20828571,29.20828571
Barbera,33026.26917,24314.62122,17808.82765,19661.58928
Barbera Bianca,251.26,180.98,114.2983455,
Barbera Sarda,325.85,83.93,69.71796098,
Barcelo,33.76,22.88,26.45982113,26.45982113
Bariadorgia,0.29,,,
Barkhatnyi,,30,30,
Baron,,,1.100000001,1.3365
Baroque,168.55,94.0009,83.39681658,50.9478
Barreto de Semente,,2.5,2.531005526,2.531005526
Barsaglina,20.31,17.06,8.50639387,
Bastardo Branco,,14.58,14.29846417,16.29846417
Bastardo Magarachsky,1969.128221,2370.4,180.0088538,180.0088501
Batili,26.63,,,
Batily,38.36,54.1,1.09424183,
Batoca,80.28,11.48,8.064634908,8.064634908
Batuta Neagra,,,2.838685845,
Bayanshira,450.5414957,645.12367,645.12367,847.7858974
Beba,8249.77,6524.04,2555.743943,7484.508312
Beclan,0.18,0.251,0.06498001231,0.06498001231
Beibinghong,,,1600,640
Bellandais,1.52,,,
Bellone,1315.23,511.18,184.027758,
Beogradska Besemena,,,,1.08
Beogradska Crna,,,0.27,
Beogradska Rana,,,,1.67
Bequignol Gris,,2.6887,2.151,2.6186
Bianca,2180.07,6450.3804,9765.63613,8940.7393
Biancame,1329.68,2599.08,1336.040726,602.0005
Bianchetta Trevigiana,53.33,13.44,11.56805635,
Bianco d'Alessano,941.05,419.24,38.28281647,
Biancolella,385.34,163.61,22.62091281,
Biancone di Portoferraio,67,77.76,37.6787529,
Biancu Gentile,1,8.808,5.410673513,144.0507
Bianka,,,,1.366340003
Bical,911.9,923.87,1076,1232.656
Bicane,,,,3.37
Bijou Noir,,,,6.5
Bilina Privlačka,,,,0.53
Biona,,,,0.03999999911
Birstaler Muskat,,,1.021799996,1.021799996
Biserka Rana,,,,0.02
Black Prince,,,0.6,1.79
Black Queen,566.2453942,712.92097,143.3882396,150.5085278
Blanc Dame,0.22,0.1845,0.1793826869,0.1793826869
Blanc du Bois,,28.32802,81.341886,84.46089
Blanca Ovoide,107,40.03,43.54,44.39
Blanqueiro,0.58,,,
Blasius,,,15.17113917,
Blattner Brickett Red,,,,3.516843
Blattner Cabernet Foch,,,,5.588907
Blattner Cabernet Libre,,,,2.950263
Blattner Cal 1-15,,,0.08679999784,0.08679999784
Blattner Cal 1-20,,,0.4475000128,0.4475000128
Blattner Cal 1-22,,,0.3467999995,0.5117988315
Blattner Cal 1-28,,,1.687299967,8.730199025
Blattner Cal 1-31,,,0.05539999902,0.05539999902
Blattner Cal 1-36,,,1.33130001,3.0489
Blattner Reds,,39.38866,8.15037604,
Blattner Whites,,25.36842,6.94441176,
Blauburger,1885.9,1339.049,1223.090357,896.4389571
Blauer Portugieser,11513.6132,8027.0919,6590.437849,4681.077019
Blauer Wildbacher,936.41,367.96,436.6714983,529.47
Blaufränkisch,16636.10492,17724.43279,17179.5868,15713.65175
Bluebell,,,,40.47
Blush Seedless,10.12,,,0.18
Blutenmuskateller,,,,111.8
Boal Barreiro,,0.58,0.2717576557,0.2717576557
Boal Vencedor,,2.41,2.025383229,2.025383229
Bobal,100128.27,80120,59188.72605,53452
Bogdanuša,,48.3,,42.54
Boiziau,1.35,,,
Bokay,,,4.190383699,6.28557539
Bolero,,,,0.5999999959
Bombino Bianco,2903.452,1239.152,1147.165552,971.58
Bombino Nero,1155.58,1200.91,865.3389188,358
Bonamico,336.0847,232.6975,149.021742,101.5977
Bonarda Grande,538.04,,,
Bonarda Piemontese,23.44,5.96,5926.387399,4306
Bonda,2.87,6.85,7.437155484,
Bondola,16.72,12.72,10.88830036,8.6672
Bordô,,,,10115.40234
Bordô,3379.128,8287.27725,6743.601518,
Borraçal,2654.22,682.69,512.3668223,525.8379223
Borsmenta,,,1,2.3767
Bosco,87.54,81.86,49.6467414,
Bouchales,108.24,95.3485,92.56022904,92.56022904
Bouillet,2.18,0.7588,0.7377538366,0.7377538366
Bourboulenc,772.23,585.2586,501.4,124.4668
Bousquet Precoce,15.9,5.6805,0.06813681256,0.06813681256
Bouvier,729.86,249.5617,223.8604,208.1978
Boğazkere,772.5857596,1106.25,1436.352971,1436.352967
Bracciola Nera,88.8,26.07,3.603993174,
Brachetto del Piemonte,1534.22,1459.81,1691.888734,1212
Branco Escola,,1.82,1.85645035,1.85645035
Branco Gouvaes,,36.37,34.18107706,34.18107706
Branco Sr. Joao,,0.41,0.1976193496,0.1976193496
Branco Valente,,0.21,0.1259690124,0.1259690124
Brandam,,311.61,291.349195,291.349195
Braquet Noir,8.21,12.1742,11.87258598,11.87258598
Bratkovina Bijela,,,,1.07
Bratkovina Crna,,,,0.06
Breidecker,25.1,5.6,0.44,
Brianna,,12.302738,20.76816209,5.8658
Bric,20.87,2.27,1.420108821,
Brocada,2.38,,,
Bronner,,8.98,6.198659646,11.3102731
Brun Argente,13.89,11.2262,10.92573644,10.92573644
Budai Zöld,,6.1511,5.9627,5.4452
Buffalo,,,0.02099999972,4.1257
Bukettraube,,,54.36,
Burdin,0.15,0.0725,0.0449471074,0.0449471074
Bussanello,7.74,11.97,3.05433326,
Busuioacă de Bohotin,,268,343,779.7508
Bácska,,,7.1715,
Béquignol Noir,1083.0228,890.7963,615.8846347,477.1697347
Bíborkadarka,202.343,135.7295,109.3473,61.5357
Băbească Neagră,3722.174,3122,2696,2525.4605
Băbească Neagră (G),,328,297,295.8047
Cabaret Noir,,,2.576699987,13.79662054
Caberinta,85.3437,68.796,38.3,37.9456
Caberne Jjura,,,,2.79123023
Cabernet Blanc,,,6.21249993,14.90916647
Cabernet Cantor,,,1.405800072,14.63600678
Cabernet Carbon,,,10.8915,11.3915
Cabernet Carol,,,6.123300001,6.523300007
Cabernet Cortis,,,38.17219992,147.0029671
Cabernet Cubin,,60,62.42530008,62.03224971
Cabernet Diane,,0.404686,0.4189173937,
Cabernet Dore,,1.214058,1.256752181,
Cabernet Dorio,,36,34.233,35.14049358
Cabernet Dorsa,43,251.6,271.6702002,289.5090806
Cabernet Early,,,0.09139999747,0.09139999747
Cabernet Eidos,,,,0.1599999964
Cabernet Foch,,,1.7806184,1.780618429
Cabernet Franc,48622.02875,52774.62872,49449.67728,45294.74584
Cabernet Jura,,19.19,27.34760001,39.3151
Cabernet Malbec,34.12,,,
Cabernet Mitos,,322,311.9119,312.3323497
Cabernet Moravia,,212,,173.8719
Cabernet Sauvignon,223386.4335,290083.8132,312209.8544,279478.5465
Cabernet Soyhières,,,0.9175000191,3.4411
Cabernet Volos,,,,1.426250004
Cabernet x Maréchal Foch,,,0.110100003,0.110100003
Cabertin,,,1.593499983,3.810242512
Cabinda,,362.38,354.9391565,354.9391565
Cabral,,1.88,1.902238858,1.902238858
Caco,,,,0.2
Caddiu,977.5,308.88,83.46825194,
Caladoc,1427.33,3674.6265,5257.807394,6065.58154
Calagrano,8229.4,4794,,
Calandra,,,,0.164998832
Calardis Blanc,,,,0.3099992237
Calardis Musque,,,,0.04399999976
Calitor Noir,84.89,26.3127,25.65384568,25.65384568
Callet,150.6,154,138.289626,224
Calmeria,,,0.3024,0.5824
Caloria,128.58,108.02,45.3520588,
Calrao,,1.04,0.900167677,0.900167677
Camaralet de Lasseube,690.81,519.8802,305.9243796,305.9243796
Campanario,,1.92,1.880576137,1.880576137
Campbell Early,42.5315008,60.9,237.6584416,63.9
Canada Muscat,48.6,,,326.7033548
Canadice,,0.2428116,0.4334591362,43.8897087
Canaiolo Nero,2417.72,1068.37,1031.130947,799
Canari Noir,218.1767,162.8523,83.5,48.846
Canela,0.1866,1.3083,2.8,1.1725
Canelon,8,8,,
Canner Seedless,,0.0563,0.05451042726,0.05451042726
Canorroyo,157.48,,,
Capolongo,,5.07,0.4917363977,
Captivator,,,,0.2
Caracol,13.74,32.97,32.92706527,32.92706527
Caramela,,0.49,0.4170915584,0.4170915584
Carbernet Volos,,,0.09189999849,0.09189999849
Cardinal,3869.915356,535.8653,1660.241011,1974.589218
Carica l'Asino,298.97,17.42,5.4649242,
Carignan Bouschet,15.52,1.456,1.409719043,15.40971904
Carla,,0.1083,0.1048575359,0.1048575359
Carmem,,,327.8623004,500.243457
Carmenère,5711.218783,11365.8844,22469.9039,14824.12313
Carmine,9.712464,,,
Carminoir,,10.16,11.2497001,11.5289
Carnelian,624.8352,316.464444,123.42923,
Carrasquín,,,,19
Carrega Branco,,507.03,511.7580639,511.7580639
Carrega Tinto,,17.1,17.44003941,17.44003941
Carricante,252.06,204.59,34.83568583,
Cartouche,31.18,,,
Casavecchia,,135.79,92.24831185,7.02
Cascade,,,21.91666667,0.2936999938
Casculho,,267.16,269.1931127,269.1931127
Casetta,,12.49,13.56550599,
Castalia,,0.19,0.08902405964,0.08902405964
Castel,0.12,2.153846,2.94611408,2.683147574
Castela,,7.98,6.773230912,6.773230912
Castelino,,147.38,144.3538078,144.3538078
Castellana Blanca,,,1.118945,1.118945
Castelo Branco,,4.54,2.127206478,2.127206478
Castelão,14423.61,11087.91611,12580.0414,8989.8104
Castelão Branco,,37.34,18.01865899,18.01865899
Castets,0.05,0.032,0.01094658704,0.01094658704
Castiglione,83.3,18.31,4.371620379,
Castonotal,0.35,,,
Catalanesca,,53.72,6.853640343,
Catanese Nero,75.85,14.73,6.865452147,
Catarratto Bianco,50710.7,34862.63193,28613.19902,31125
Catawba,635.35708,633.49545,625.7970748,166.6925
Cavrara,,23.1,1.440171847,
Cayetana Blanca,55775.53,39781.2,36455.74488,33650.38215
Cayuga White,107.64648,211.8126552,217.3335811,119.1318681
Caíño Blanco,69.32,128.36,77.34272089,125.2408209
Caíño Longo,,,,8
Cellerina,,1.6,1.600343718,
Centennial Seedless,2.48,,1.225,1.225
Centesimino,,23.82,25.01876037,
Centurian,134.35576,33.993622,33.184252,
Cep Rouge,0.1,,,
Cerceal Branco,597.29,379.12,260.7673488,260.7673488
Cereza,31113.353,29934.1788,28886.6,24834.0451
Cesanese,1024.28,679.37,445.8705833,0.1
Cesar,8.28,10.3871,14.56112782,21.17112782
Cetinka,,34.62,,31.32
Chambourcin,257.468014,1095.588912,926.3378582,246.343591
Champanel,,,1.3354638,4.16841
Chancellor,26.709272,49.494325,37.53087668,35.93352002
Chaouch Blanc,1.745956519,2.5,,0.02
Chaouch Rozovyi,,,,34.48
Chardonel,,143.987288,90.37400422,9.1034
Chardonnay,145468.6357,199726.7579,202881.8061,222926.5132
Chardonnay Rose,,,,0.90249942
Chardoris,,,0.1849000007,0.1849000007
Charentsi,,,,36.98
Charmont,6.83,9.51,9.886399938,10.4607
Chasan,913.5,749.2136,549.4998621,39.9309
Chasselas,13318.032,13117.29657,7377.247485,6185.07741
Chasselas (R),11.11,95.1193,89.90466677,93.95765467
Chasselas Sabor,,0.05,0.03445698377,0.03445698377
Chatus,15.12,78.6894,70.87049297,61.86986454
Chelois,,1.4799778,1.521911427,1.772501421
Chelva,10876.97,6168,5029.354685,4361
Chenanson,635.83,465.7919,451.0414368,451.0414368
Chenel,,,32.96,
Chenin Blanc,45606.87933,35660.6888,32260.70768,30859.27358
Chenivesse,1.48,,,
Chilar,,,,46.997
Chinuri,955,1225.074,1225.074,203
Chkhaveri,20,25.656,25.656,84
Cianorie,,2.45,1.324628121,
Cidreiro,,0.16,0.1567146781,0.1567146781
Ciliegiolo,2526.92,1829.95,896.5052908,1465.59
Cinsaut,48428.21446,34750.75349,22915.95318,27189.2048
Cinsaut (G),,,1.5,
Cinsaut (W),,,0.2,
Cinsaut Seedless,9.02,13,,
Citronny Magarach,,307,307,
Citronny Magaracha,,,,1084.699023
Cividin,,4.13,4.232942384,
Clairette,3421.13,2766.348983,2419.806496,2078.031892
Clara,,,0.04313142366,0.06469713897
Clarin,10.94,5.9827,5.792756042,5.792756042
Claverie,3.45,0.7681,0.6538418492,0.6538418492
Clinton,,,0.2585999928,2.098599993
Coarnă Neagră,,,113.6091324,9.609132767
Cococciola,886.87,982.74,1670.747755,1467
Coda di Volpe Bianca,979.69,586.47,76.75748118,
Codană,,,26,24.6765
Codega de Larinho,4057.85,628.84,455,455
Codivarta,2.58,2.1859,1.342778296,1.342778296
Colmar Precoce Noir,,,0.2428116,0.2428116053
Colobel,2.84,9.3013116,7.886175618,12.08652518
Colombana Nera,126.39,38.1,16.48264931,
Colombard,38403.10361,32944.47264,29965.14854,30083.07932
Colomino,,,2.1,
Coloraillo,614.17,374,108.9334,70
Columna,,,25.58573556,
Completer,2.04,2.98,4.852099953,10.714
Complexa,6.4,102.8,102.8,102.8
Concieira,,52.31,53.11106833,53.11106833
Concord,11816.4262,12237.99963,10543.63235,7808.340534
Concord Clone 30,,,195.8446436,293.7669678
Cora,,,570.1921123,855.288147
Coracao de Galo,,0.88,0.7767806805,0.7767806805
Corbina Vicentina,,12.26,12.25285238,
Cordenossa,,5.16,1.736188881,
Cornalin,93.14,255.78,146.7492745,142.2886
Cornarea,21.66,13.25,8.094011281,
Cornichon Blanc,3.87,,0.5094,4.2524
Cornifesto,259.06,498.54,508.9797336,507.9997336
Corot Noir,,26.58787,11.14240002,45.5264
Cortese,3113.45,2952.6,2404.984576,3363
Corvina Veronese,4800.01,7495.8,6239.945099,7362.035408
Corvinone,88.36,929.96,1140.462148,0.3528
Couderc 13,,,474.0925356,711.1387939
Couderc Noir,613.9177,3517.130017,2136.325775,3105.241461
Counoise,637.92,407.9008,417.560407,396.112049
Courbu Blanc,47.43,43.391,32.402649,32.402649
Courbu Noir,1.56,1.3655,1.325251018,1.325251018
Cove,55.67,6.48,6.102007295,
Crimposie,,,450,368.5552
Crimson Cabernet,,1.214058,1.256752181,3.877600011
Crimson Seedless,1.396765215,7.54,7.54,8.104999962
Criolla Grande,24264.0687,20744.8013,15595.6,12530.9606
Criolla Mediana,1.49,3.49,6.9,7.4666
Crnka Crna,,,,0.1
Croatina,3115.62,5699.5762,2694.554129,20.546
Crouchen,98.15,95.6276,271.46574,33.76360896
Crovassa,1.52,0.25,0.2647359458,
Cruciulita,,,0.05366135814,
Crveni Drenak,,,,0.67
Crystal,1.396765215,174.5,174.5,5.3
Crâmpoșie Selecționată,,409,18,135.4507
Csaba Gyöngye,,89.3472,175.2852343,146.3674483
Cserszegi Fűszeres,2185.304,3608.7158,4299.48605,3570.5588
Csillám,,19.7394,24.95,17.8357
Csomorika,,0.4682,0.4682,0.6044
Csókaszőlő,,2.2414,1.54745,3.0405
Códega Do Larinho,,,,990.771
Côt,26209.64966,37555.41384,52235.13689,60411.64871
DU 31120,,,0.09189999849,0.09189999849
Dakapo,,50.7,68.24489997,70.7753998
Dalkauer,100,,,
Damaschino,3186.6281,2170.7103,1621.539205,1087.12052
Danam,,0.2745,0.2676993028,0.2676993028
Danlas,,255.331,203.2255448,16.756
Danuta,,2.0401,1.975291887,2.035291887
Dattier de St. Vallier,,0.416,0.4027768693,0.4027768693
Dauphine,,,,3.4463
David Macgregor 8521-1,,,1.7,1.700000048
Dawn Seedless,19.45,,,12.767
De Chaunac,186.155592,91.178854,102.3887629,88.95686802
De Cilindro,15.38,,0.0191,0.0191
Debina,454.89,238.8,14.17949494,
Debine e Bardhë,,,,71
Debit,,402.62,,312.02
Deckrot,29,2,12.025,12.025
Dedo de Dama,,0.84,0.8182196397,0.8182196397
Defensor,,,,0.3500000015
Dekabrskii,,78,78,
Delaware,233.830876,226.83347,420.5364177,529.1473
Delhro,,0.19,0.1839605893,0.1839605893
Deliciosa,,0.12,0.1175360086,0.1175360086
Delisle,,,0.1,0.1000000015
Demir Kapija,,,,4.58
Devin,,133.05,,0.6203000011
Diagalves,1088.07,1156.28,1090,560.966
Diamond Muscat,,,,42.4935
Diana,,,,0.4047
Dimrit,602.354999,862.5,704.4557143,704.4557266
Dimyat,7739.995,2400.78,9695.675895,10537.53
Dindarella,8.57,6.88,5.020045046,
Dinka,,,,0.01
Diolinoir,31.2,114.29,121.9503968,129.5034
Divico,,,9.916500323,90.18745755
Divljaka,,,,0.14
Divona,,,0.1610000022,11.61259377
Dišeća Ranina,,1.82,,1.57
Dobričić,,,,9.58
Docal,,0.18,0.1815769333,0.1815769333
Dodrelyabi,,,0.35,0.39
Doina,,227,227,
Dolcetto,7197.12248,6331.32173,4541.482531,4264.798464
Dolciame,6.38,10.54,6.004900262,
Domina,185,406.5947,374.6747,374.08
Dominga,0.21,1,,
Dona Branca,295.98,275.94,203.5346547,1996.534655
Dona Joaquina,,23.7,11.10458007,11.10458007
Dona Zillá,,,0.8725818787,1.308872819
Donaris,,,1.030298076,
Donauveltliner,,,,0.9900000095
Donzelinho Branco,58.73,65.04,64.35727139,64.35727139
Donzelinho Roxo,,0.13,0.1317923779,0.1317923779
Donzelinho Tinto,,33.3,33.77425684,33.77425684
Doral,2.76,26.82,35.31970051,37.5424
Dorinto,,114.52,69.93767905,69.93767905
Dornfelder,3767.300078,8181.363055,7870.874263,7647.060821
Dostoinyi,,65,65,
Douce Noire,18323.43377,19630.27393,19732.74792,17447.72697
Doukkali,16557,16557,,
Doux d'Henry,26.41,9.4,6.114635452,
Drnekuša,,,,3.27
Droujba,3,3,,
Drugo,,,,19.05068463
Drupeggio,617.43,286.11,81.03157392,
Dugovrst,,,,0.9
Duna Gyöngye,,,,39.3779
Duna Gyöngye,,63.0462,45.3962,
Dunaj,,45.91,,6.376100005
Dunav,,,11.20591199,11.20591164
Dunavski Lazur,,483,483,
Dunkelfelder,281,355.843927,290.5005879,287.0390874
Dunze,0.65,,,
Duranija Bijela,,,,0.04
Duras,971.62,892.4597,785,816.9668
Durella,599.34,469.54,480.1086483,
Durif,1197.398261,3525.866918,4832.877937,5998.135861
Dzelshavi Obchuri,,,,8
ES 10-18-14,,,0.1,0.1000000015
Early Muscat,,,,0.53
Edelweiss,,31.509713,15.93971312,0.2
Ederena,0.48,0.83,0.8271790244,0.8271790244
Egiodola,315.26,349.44778,285.4477787,315.095092
Ehrenbreitsteiner,13,10,8,8
Ehrenfelser,288,112.55061,82.26969352,75.87668375
Einset Seedless,,,0.3035145,2.049114512
Ekigaina,5.06,3.5466,3.374953843,4.534953843
Ekim Kara,18.57697736,26.6,,
Elbling,1206.63,935.2739,971.6435721,572.5094636
Elbling (R),4,9,10,10
Elmer Swenson 10- 18- 30,,,0.1,0.1000000015
Elvira,343.578446,263.049173,231.075706,117.363
Emerald Riesling,596.50712,404.28132,177.498986,144.202
Emerald seedless,15.66,,,
Emir,480.1380427,687.5,88.6325,88.63249969
Emperatriz,,,,15.5909
Emperor,,,,26.6484
Enantio,1062.08,724.45,177.731505,
Encruzado,290.75,282.1,132.293112,737.495
Enfarine Noir,,0.039,0.02449602052,0.02449602052
Ensanyo Tintas,,27,,
Ensayo Blancas,,1,,
Eona,,,1.7,1.700000048
Epero,,,,1
Epicure,,,,0.1618744
Erbaluce,328.8,319.4,315.710767,
Erbamat,,24.17,1.535345072,
Ervi,5.33,4.23,3.399156473,
Erzsebet Kiralyne Emleke,,,,0.02
Escursac,,,,12
Esganacao Preto,,0.02,0.0204005533,0.0204005533
Esganinho,,0.15,0.07028215235,0.07028215235
Espadeiro,1681.5,468.51,357.4100027,460.194
Espadeiro Mole,,0.36,0.3526080257,0.3526080257
Espirit,,,1.822636584,2.4282
Estaladiña,,,,2
Esther,,,0.0008999999845,0.0008999999845
Estreito Macio,,2.83,1.325989941,1.325989941
Etraire de l'Adui,7.5,4.7859,4.528995138,4.528995138
Everest,,,,0.26
Exalta,,3.6108,3.150797494,3.150797494
Excelsior,,,0.2787000062,0.2787000062
Eyholzer Rote,,,0.2138999999,0.2138999999
Ezerfürtű,404.686,377.3548,294.579427,127.7551
Ezerjó,3156.551,1073.8868,635.5292,310.9195
Faberrebe,1585,554,331,331
Falanghina,1658.45,3037.4,322.7635984,0.1
Falanghina Flegrea,,,3634,5353
Favorit,,,2.859176355,2.906176448
Felicia,,,,0.2869999949
Fenile,,5.46,0.8125444749,
Fepiro,,0.01,0.009794667379,0.009794667379
Fer,1625.7729,1854.3786,1684.554117,1346.3008
Fernão Pires,14206.29,9474.06,12210.98,12330.647
Ferral,48.4565,30.4083,31.3,30.0721
Fertilia,13.33,3.39,2.039528784,
Festivalnyj Ustoichivyi,,,,0.0007999999798
Fetească Albă,23827.7246,17468.87,13381.99414,13114.80224
Fetească Neagră,1214.058,1719,3247.87286,3716.542668
Fetească Regală,2577.8496,13135.9,12990.66983,12602.91003
Feunate,0.05,,,
Fiano,758.18,1376.84,2166.783418,2798.864348
Fiesta,160.6279997,230,230,1607.8138
Fino de Ribera del Fresno,332.48,45,7.6896,7.6896
Fintendo,144.0707,118.1123,184.5,165.5442
Fioletovy Ranny,,50,50,53.39986347
Flame Seedless,547.8806695,55.17,55.17,5242.7807
Flavis,12.08,3.12,2.643942973,
Fleurtai,,,0.07649999857,1.003999987
Flora,6.4,5.701111,10.68612306,3.174184591
Floreal,,,,0.3437475637
Florental,0.6,25.5409,11.34970392,11.34970392
Floricica,,,13.65427984,13.65427971
Fogarina,,5.13,2.958107367,
Foglia Tonda,40.06,101.49,68.3320423,
Fogoneu,35.72,35,14.540992,15
Fokiano,162.42,262.4,211.7885506,1071
Fokiano (W),57.37,,,
Folgasao,408.57,181.64,162.2425062,162.2425062
Folgasao Roxo,,18.36,17.9870654,17.9870654
Folgasão,,,,45.48
Folha de Figueira,,3.48,1.630545934,22.74
Folignan,,50.7629,51.04916645,51.04916645
Folle Blanche,2647.45,1803.3013,1574.386189,907.4587
Fontan,0.2,,,
Fontanara,2,,1,1
Fonte Cal,355.16,110.89,51.95725249,51.95725249
Forastera,542.65,208.45,8.381301107,
Forcada,,,,47
Forcallat Tinta,2689.77,1163,535.4311,355
Forgiarin,1.67,4,2.790993617,
Forsellina,9.38,7.18,6.591313796,
Fortana,1251.96,642.4,469.4409752,
Frajla,,,,0.17
Francavidda,85.58,12.7,1.551336276,
Frappato,783.8,752.33,579.7581894,821
Fratava,,,,6.1648
Fredonia,85.79343,36.907364,28.46252291,11.3316
Freiminer,,,,0.02999999933
Freisa,1450.053384,1054.215233,519.4138295,853.5595
Freisamer,16.56,8.41,6.01930001,7.6511
Frontenac,,135.396976,212.3364372,90.84449104
Frontenac (G),,58.98737,91.50561686,40.50638204
Frontenac (W),,,26.27844425,35.56913651
Frumoasa Alba,,,8.312367609,8.312367439
Frâncușă,,621,365,277.4034
Frühroter Veltliner,1258.04,855.7534,388.0459839,376.7572839
Fubiano,2.33,9.19,2.37063345,
Fuella Nera,3.91,20.1734,19.67360698,19.67360698
Fumin,73.18,31.36,25.05267972,
Furmint,3482.62,5238.15596,4434.691587,4218.85607
GM 322,,17.05128,,
GR 7,,31.970194,13.29355332,25.6961
Gaglioppo,3591.64,4213.67,4625.733615,3674
Gaillard,,0.08,0.02451748556,0.02451748556
Galac,,,,0.02
Galbenă de Odobești,546.3261,385,417,375.6007
Galego Dourado,5.41,12.76,6.122395939,6.122395939
Galotta,,13.16,34.58549941,62.1726
Gamaret,70.97,405.4867,441.31326,480.831486
Gamay Noir,37761.8589,31896.14849,26214.97668,23127.02333
Gamay Teinturier Freaux,131.56,103.5339,79.02012975,124.4701293
Gamay Teinturier de Bouze,318.4,278.1718,254.7182377,260.5529377
Gamay Teinturier de Chaudenay,266.63,157.2585,142.0103169,142.0103169
Gamba Rossa,,0.61,0.4778697038,
Ganson,28.4,3.2424,3.147394818,3.147394818
Garandmak,930.7778,930.7778,,40.714
Garanoir,75.66,216.0439,228.8772386,229.7112797
Garganega,16553.2375,15396.60787,8552.537274,13389.0633
Gargiulo 102011,,,,249.5811
Gargiulo 14260,1,1,,
Gargiulo 2539,69.0009,48.834,29.1,24.714
Gargiulo 26189,5.82,,,
Gargiulo 26879,4.15,2.5,,
Gargiulo 4113,7.2339,6.105,2.6,2.63
Gargiulo 45803,3.839,8.1,10.3,9.45
Gargiulo 87746,,,,0.022
Gargiulo 88087,,,,202.8479
Garnacha Blanca,10793.56,7351.825788,7408.951708,10058.4424
Garnacha Peluda,2024.1,1206.2638,897.8203385,955.342007
Garnacha Roja (Gris),2761.496759,2363.101204,1462.475003,1185.616181
Garnacha Tinta,216309.0981,181363.222,150519.0433,154374.8071
Garonnet,6.6,14.2598,9.517272651,9.517272651
Garrido Fino,174.09,59,53.7032,65
Garro,,,,44
Gascon,0.02,0.9993,0.9606844794,0.9606844794
Gateta,6.95,2,,
Gegić,,11.13,,11.57
Geilweilerhof Ga- 48- 12,,,1.049799979,1.049799979
Geisenheim 318- 57,,,,0.8094
Geisenheim 318-57,,105.5128,13.7883964,13.78839612
Generosa,9.24,106.5399,327.9796822,807.0963822
Genouillet,,,,6.0843
Gesztus,,0.2854,0.2854,0.2854
Gewürztraminer,10821.60813,13927.70376,13354.91292,14089.00084
Gibi,1226.6831,1073.8209,784.5,639.0769
Ginestra,,3.75,0.5057867884,
Giro Nero,537.49,199.73,144.1950582,102
Glavinuša,,,,5.33
Godello,1488.73,1332.327833,1405.65321,3061.215499
Godominka,,,,0.03
Goecseji Zamatos,,,,0.001099999994
Goethe,,,19.8201057,29.73015785
Goldburger,617.1,140.3467,97.9867,31.5
Golden Muscat,1189.77684,1190.626681,50.04891739,49.63000107
Goldriesling,10.04,21,24,24.21
Goldtraminer,,9.08,4.853849479,
Golia,,,0.09659044465,
Golubok,50,87,37,0.04999999888
Goncalo Pires,,0.68,0.6891571101,0.6891571101
Gorgollasa,,,5.128101,21
Goruli Mtsvane,224,287.3472,287.3472,126
Gosen,,1.31,0.09053438416,
Gouais Blanc,1.12,,0.7045999765,1.138349099
Gouget Noir,0.71,9.6885,3.314250268,3.314250268
Goustolidi,112.4,68,18.66743725,
Gouveio Preto,,0.33,0.3366091294,0.3366091294
Gouveio Real,,581.7,581.1092493,106.878
Gołubok,,,,0.3110199985
Grachen,,,0.04,
Graciano,1959.813,3122.6754,2879.492512,3225.276736
Graisse,22.09,13.6509,1.156370749,1.156370749
Gramon,13.5,2.8547,2.77051607,2.77051607
Grand Manchen,,8,,
Grand Noir,949.14,955.3736,706.4772483,678.1712483
Grangeal,,1.14,1.159586664,1.159586664
Granho,,0.26,0.2655499101,0.2655499101
Grapariol,,2.18,2.330211314,
Grassen,0.91,0.0675,0.06582769741,0.06582769741
Grasă de Cotnari,849.8406,685.4901,632.1933,586.3791
Graševina,96628.8241,61194.3428,30082.58843,24348.94353
Grechetto Rosso,110.86,48.92,34.9166403,
Grechetto di Orvieto,1176.88,1501.31,1823.583824,2091
Greco,1324.9,158.16,20.68149998,2391.42
Greco Bianco,660.2,1604.03,2050.352527,
Greco Nero,3228.6909,1255.6617,436.7626864,285.8062
Grignolino,1352.72053,915.05,911.2411827,773
Grillo,1803.41,6294.51,7381.541687,9482
Gringet,74.11,25.2821,15.49210546,15.49210546
Grk Bijeli,,,,25.82
Grocanka,,,,1.12
Grolleau Noir,3006.08,2759.0522,1949.007982,2576.4677
Groppello Gentile,218.77,326.4,78.2282549,
Groppello di Mocasina,119.55,80.99,24.25078306,
Groppello di Revo,,12.19,11.84050595,
Gros Manseng,2159.54,2959.891572,3059.288694,3343.7385
Grossa,,73.15,54.00942087,54.00942087
Grüner Veltliner,41083.383,18834.1043,19124.81896,19082.39032
Gualarido,,,18.16282,18.16282
Guardavalle,167.6,33.47,15.80056508,
Guillemot,0.1,,,
Gustopupica,,,,4.36
Gutenborner,,2,,
Guzun,,,2.706937265,2.706937313
Gyöngyrizling,,23.4553,15.5199,10.1348
Gänsfüsser,,0.0412,0.01066604186,0.01066604186
Göcseji Zamatos,,55.2888,49.6231,4.8689
Haiduc,,,3.085528093,
Hajnalka,,,0.047,
Hamvas,,,0.2273,0.2273
Hasansky Sladky,,,1.285848738,1.200000048
Hegel,10,9,7,7.01
Helfensteiner,26,19,14,14
Helios,,,6.233999997,8.541034927
Herbemont,1452.823,764.46875,112.0530056,168.5995135
Heroldrebe,199,134,112,112
Heunisch Weiss,,,,5.20499961
Heuréka,,,0.1848,0.1848
Hibernal,,,20.36690735,475.9298972
Himbertscha,0.17,,0.2288999986,0.2288999986
Himrod,,0.4856232,0.5027008725,6.0705
Hondarribi Beltza,10.87,53.49,15.166971,39.49
Hondarribi Zuri,,,624.3358503,739
Hron,,,,0.0003000000142
Hrvatica,244.61,115.69,53.17092649,0.63
Huasquina Pisquera,,,,0.6
Humagne,8.87,30.23,28.97109985,26.9086
Huxelrebe,1291,630,465.678,462
Hárslevelű,1011.715,1800.2493,1617.29668,1315.0115
Hölder,12,5,2,2
IRAC 1933,,,0.03490000032,0.03490000032
Ignea,,0.731,0.7128895823,0.7128895823
Ilichevskii Rannii,5,5,,
Imperial Napoleon,,12,0.0399,0.1399
Imperial Seedless,0.6983826075,1,1,1
Impigno,60.1,7.03,1.703223385,
Incrocio Bianco Fedit 51,11.16,4.74,0.8217108431,
Incrocio Bruni 54,12.34,12.19,3.473164188,
Incrocio Manzoni 2.15,165.83,85.83,71.69290512,6.82
Incrocio Terzi 1,65.48,43.54,12.10238076,
Invernenga,31.56,6.51,4.931713567,
Inzolia,9259.16,6132.51,4740.059942,5846.0019
Iona,,,,0.8094
Iordan,,,311,295.5504
Irsai Oliver,,,,0.03
Irsai Olivér,,1414.434,1790.067738,2802.923314
Isa,,9.4929,4.606465468,4.606465468
Isabella,27449.84695,32493.87514,17797.48875,23096.13381
Italia,1076.257096,1463.202352,5187.514072,3603.685732
Italica,178.09,367.44,47.30324901,
Itasca,,,,12.141
Ives,22.662414,15.782754,,10.1175
Iza Zaliwska,,,,0.02999999933
Jacquere,1086.36,1013.841,621.1746331,821.6719303
Jacquez,225.8387086,2367.937129,1441.672273,2085.287881
Jagodinka,,,,0.27
Jampal,127.41,70.72,33.86916047,33.86916047
Jaoumet,,0.125,0.1210267035,0.1210267035
Jardovany Fekete,,,0.064,0.8222
Jazmin,,,,0.0005000000237
Jeroma,,,0.0314,0.0314
Joannes Seyve,2.52,0.8938,0.8690094611,0.8690094611
Johanniter,,86.01,110.6446,296.983294
Joubertin,1.529,1.439,,
Juan García,2076.54,1706.88,1544.721528,1418.781
Jubileum 75,,194.4953,91.3413,27.0261
Jubiläumsrebe,60.54,13.5368,6.6268,2.28
Juhfark,,186.1048,195.1915,140.2483
Juliana,,0.2316666667,,
Juodupe,,,,1.13
Jupiter,,,,1.4141
Jurançon Blanc,23.71,7.0122,1.935595058,1.935595058
Jurançon Noir,1293.65,663.0424,605.2164105,138.4065
Jurie,0.03,,,
Juwel,42,22,15,15
Jádorvány,,,0.3096,0.3058
Jázmin,,,1.8899,4.8247
K.35,,0.1848,,
KW 96-2,,,0.202343,0.202343002
Kabar,,18.1336,30.2567,35.7041
Kadarka,2630.459,1086.7101,1625.136118,1614.6141
Kadarun,,,,3.11
Kai Noir,,,,1.1
Kakotrygis,,103.3,28.35803336,
Kalecik Karası,601.0455316,860.625,704.4844911,704.4845104
Kalina,,,0.3930000067,0.3960000067
Kanella,,,,2.12
Kangun,849.8406,849.8406,,3802.5619
Kanzler,52,33,28,28
Karalahna,2.618934778,3.75,4.143857143,4.143857002
Karasakiz,2.618934778,3.75,4.143857143,4.143857002
Karmrahyut,,,,223.219
Karát,,50.4764,43.5244,35.9206
Kat.E.Lin,,,0.202343,0.202343002
Kay Gray,,1.250766,1.794751073,0.5
Kentville White 94-1,,,0.2832802,0.2832801938
Kentville White 94-2,,,0.607029,0.6070290208
Kerner,7129.332267,4090.83846,2891.242572,2500.768605
Kersus,,,,0.1787487353
Khikhvi,5,6.414,6.414,314.01
Khindogni,,,,30.125
Királyleányka,,855.0491,783.5474,799.3001
Kishmish Chernyi,,,,23.491
Kishmish Luchistyi,,,54.91692791,54.91692734
Kishmish Moldavskii,,,27.59599649,27.59599686
Kishmish Rozovyi,,,,2
Kisi,20,25.656,25.656,764
Kiyomai,,,,20.9
Kladovska Bela,,,,0.09
Klarnica,,,,3.463382098
Kleinberger Gelber,,,,0.1099992207
Knipperle,,,,1.25
Knipperlé,2.01,0.1449,0.1504987455,0.1504987455
Kocsis Irma,,10.7377,2.2599,1.2739
Kodrinskii,5,5,228.7444467,228.7444458
Kodryanka,,,1143.321389,1155.601411
Koenigin Der Weingaerten,,,,3.03
Kokur Bely,641.3247485,918.3,,
Kolor,,,6.682,2.44
Korai Bibor,,,,0.02550000002
Korinthiaki,834.12,54.3,106.3808662,43.55
Korona,,0.5775,0.9195,0.7935
Koshu,117.5377928,168.3,690.2902336,497.6
Kosmopolita,,,0.6819381892,0.35
Kosovska Rana,,,,0.02
Kossuth Lajos,,,,0.06
Kotsifali,1147.71,2330.4,1338,1296
Kozma CS. 2,,0.076,,
Kozmopoliten,,,0.1901,0.1901
Krajinski Bojadiser,,,,0.04
Krakhuna,36,46.1808,46.1808,57
Kraljevina,,446.63,198.858,162.0769697
Krasnostop Zolotovsky,,562,562,352.9615238
Krassato,38.45,51.8,4.52193675,
Kreaca,,2.8565,30.40681139,32.8552
Krisztaly,,,,0.7982999966
Krivalja Bijela,,,,0.14
Krkošija,,,,0.09
Krstač,,,,0.34
Krstičevica,,,,0.01
Kuban,,,32.20447058,32.20447159
Kujundžuša,,206.06,,170.06
Kuldzhinskii,269.2049152,385.4409,385.4409,385.4408914
Kunbarát,,8.6193,0.3992,
Kunleány,1375.932,1210.6067,974.377,559.864
Kurtelaška,,,,2.07
Kurucvér,,0.1671,0.1144,
Kyoho (4N),4003.08892,4003.08892,2762.064624,2061.8
Kármin,,36.2014,23.7659,2.8847
Kéknyelű,,42.5247,49.5317,45.1943
Königin der Weingärten,750.3004,61.177,70.42739116,61.58506544
Kövidinka,1214.058,1075.384,658.4011654,464.1791
L'Acadie Blanc,,,,1.5378068
La Crescent,,77.436391,93.64155628,30.42941027
La Crosse,,25.104569,25.92153255,0.4
Labrusco,,81,79.33680577,79.33680577
Lacoste,1.05,,,
Lacrima Christi,,85.45,226.39,261.97
Lacrima di Morro d'Alba,651.66,420.71,252.0495223,
Lado,0.68,1,1.8782,5
Lafnetscha,1.37,,1.543499947,1.543499947
Lagarino Bianco,,22.74,5.590860733,
Lagrein,470.98,717.3031444,240.84694,636.74
Lairen,297.74,214,351.0096,303
Lakemont Seedless,,,,1.2141
Lakhegyi Mézes,566.5604,305.7106,145.3446,56.3591
Lalvari,,,,68.89627
Lambrusca di Alessandria,888.36,137.21,58.47752628,
Lambrusco,41.68266,45.260717,2.187979707,3.281969547
Lambrusco Barghi,,18.32,2.681195336,
Lambrusco Grasparossa,1719.6,2734.04,954.2136559,2269.4125
Lambrusco Maestri,1512.6315,2311.5529,5657.218489,5589.8618
Lambrusco Marani,2279.89,1393.57,1074.195104,617
Lambrusco Montericco,261.64,70.18,25.4850627,
Lambrusco Oliva,,111.52,104.2020207,
Lambrusco Salamino,4146.86,5002.82,6227.639677,5363.6
Lambrusco Viadanese,277.05,240.44,58.82402434,
Lambrusco di Sorbara,1409.39,1605.73,857.6179957,1469
Lameiro,,0.39,0.2875147928,0.2875147928
Landal,15.78,42.8701,37.15118388,37.15118388
Landot Noir,0.32,3.201616,3.098715669,0.7852113064
Largrein,,,,0.8094
Lariao,,3.67,4.822393357,4.822393357
Lasina,,14.45,,17.85
Laska,1.07,,0.0504,0.9096
Lattuario Nero,,,,11.0955
Laurot,,6,,0.2474982443
Lauzet,1.04,2.607,2.53469195,2.53469195
Lecinaro,,0.66,0.4428303404,
Lefkada,,,,83.65
Leira,,0.59,0.2764431326,0.2764431326
Len de l'El,733.97,629.4765,603,646.9734
Leopoldo III,1.75,,,
Levokumskij,,890,890,484.9572179
Leányka,,837.8175,718.6232,453.7019
Liatiko,2476.23,1210.9,2633.399441,2577
Liatiko (W),69.71,,,
Liliorila,2.59,3.527,1.303054752,1.303054752
Lilla,,,0.0003000000142,0.0003000000142
Limnio,94.9,372,176.039251,
Limnio (W),27.48,,,
Lipolist,,,,0.11
Listain de Huelva,595.84,349.8,466.0542024,37.492
Listan Negro,3291.08,2666,2847.486033,2847.486033
Listrao Roxo,10.03,,,
Listán De Huelva,,,,1467
Listán Negro,,,,1427
Listán Prieto,16589.03155,4985.127808,10267.49488,10968.5374
Lival,,101.2131,98.50516687,98.80516687
Liza,,,,0.02
Ljutun,,,,0.4
Lomanto,,,3.2779566,5.82768
Longyan,,,1000,400
Lora,,,34.94439916,34.94440079
Lorena,,519.3917778,499.9785783,749.9678955
Louise Swenson,,2.931073,5.155820621,3.114099976
Loureiro,4392.37,4053.5,4696.15646,7536.816
Lourela,,0.23,0.225682959,0.225682959
Lucie Kuhlmann,,,21.2763626,21.39777242
Luglienga Bianca,,,,0.17
Luisa Blanca,,,79.5484,79.5484
Lumassina,110.68,97.6,36.74324429,
Lusitano,,0.13,0.1273306759,0.1273306759
Luzidio,,0.28,0.131193351,0.131193351
Lyana,,,41.46904997,41.58905136
L´Acadie Blanc,,,64.721644,64.72164392
Léon Millot,16.77058,101.736763,85.35393652,123.3659108
MRAC 1087,,,0.1802999964,0.1802999964
MRAC 1099,,,0.2032999983,0.2032999983
MRAC 1626,,,0.01499999966,0.01499999966
MRAC 1817,,,0.1178999981,0.1178999981
MRAC 40,,,0.01499999966,0.01499999966
Macabeo,48128.12,40864.3896,38624.50621,58160.2199
Maceratino,121.81,176.63,38.64171378,
Madeleine Royale,,3.368,2.969760364,2.969760364
Madeleine Sylvaner,,7.234818,5.5846668,1.821087
Madeleine × Angevine 7672,,51.619433,48.2909954,6.32149532
Madeleines,,6.8843,6.696926288,6.696926288
Madrasa,19.52097415,27.944,27.944,27.94399974
Magaracha Rannii,,,884.1018353,884.1018066
Magliasina,,,0.02479999978,0.02479999978
Magliocco Canino,578.74,538.6,679.0152387,2789
Magliocco Dolce,243.29,86.64,51.29500406,
Magna,,,30.48130888,45.72196198
Magyarfrankos,,0.3988,0.2877,0.2877
Maiolica,70.4,26.07,12.69315666,
Maiolina,,1.48,0.3855504624,
Maiskii Chernyi,76.72005313,109.77661,109.77661,109.7766113
Malaga,,,,0.07
Malaga Blanc,11.30502656,16.18744,54.025581,54.02558136
Malagousia,22.8,182.4,125.6869945,753
Malbo Gentile,106,210.51,218.5407516,
Malegue,1.05,,,
Malingre Precoce,2.64,0.471,0.4374489305,0.4374489305
Maliverne,0.44,,,
Malvarisco,,3.16,3.193677944,3.193677944
Malvasia,60.5233,45.0382,2184.048543,2472.282949
Malvasia Bianca Lunga,3937.25,2543.9085,1247.430856,2079.15798
Malvasia Bianca di Basilicata,874.84,210.04,31.92782744,
Malvasia Bianca di Candia,12889.059,9350.67559,9685.139738,10078.89436
Malvasia Branca de Sao Jorge,54.71,110.32,109.8765333,109.8765333
Malvasia Fina,7102.02,3500.79,3281.942599,2541.500176
Malvasia Fina Roxa,,24.98,24.00529167,24.00529167
Malvasia Moscata,,554.419804,,
Malvasia Nera Lunga,,38.35,13.85813024,
Malvasia Nera di Basilicata,753.8,114.09,39.16120696,
Malvasia Nera di Brindisi,3173.52,1314.45,1263.71156,1189.27958
Malvasia Parda,,4.4,4.154201016,4.154201016
Malvasia Preta,2209.92,1902.88,1933.029512,1172.226
Malvasia Romana,,0.18,0.1339717812,0.1339717812
Malvasia de Lanzarote,,,,982
Malvasia del Lazio,2365.62,590.46,679.7877682,976
Malvasia delle Lipari,,,,0.91
Malvasia di Candia Aromatica,1754.01,926.59,1208.439396,1386.57
Malvasia di Casorzo,97.55,107.25,98.65802596,
Malvasia di Lipari,515.79,310.23,112.6318872,52.24041768
Malvasia di Sardegna Rosada,,2.88,2.942820909,2.942820909
Malvasia di Schierano,180.5,88.89,82.11418735,
Malvazija Istarska,7558.505,2709.72,2787.596924,2539.685467
Malvia,,0.21,0.2142058096,0.2142058096
Mamaia,,,0.3595310995,
Mammolo,776.8,841.4556,911.2779687,1497.2111
Mandilaria,845.26,884.6,932,887
Mandon,260.88,,0.58676017,0.58676017
Manseng Noir,10.19,31.7356,28.90980658,32.22252397
Manteudo,,,,23
Manteudo Preto,,16.42,10.97292695,10.97292695
Manto Negro,470.23,273,310.940628,413
Manzoni Bianco,8289.55,382.22,338.7528322,622.76
Manzoni Moscato,,19.79,19.26957892,0.28
Manzoni Rosa,,29.2,22.55938625,
Mara,,,9.883199768,17.3697
Maratheftiko,,152,159,166.44
Marfal,34.53,2,1.1364,1.1364
Margot,,,1.640653,2.460979462
Mariensteiner,9,,2,2
Marmajuelo,37.23,24,20.001135,23
Marquette,,87.610702,166.3542429,119.7018237
Marquinhas,,10.74,5.032202108,5.032202108
Marquis,,,1.214058,1.6188
Mars,,1.9829614,1.675669575,1.2141
Marsanne,1512.438068,1763.34288,1833.679021,1450.240573
Marselan,175.67,2720.82239,3940.546227,10322.19614
Marufo,6339.04,6578.75,4683.4832,3392.408
Marzemina Bianca,78.2,54.17,54.56500199,
Marzemino,994.1,1090.6725,784.9391727,1399.7009
Maréchal Foch,173.1909,356.222212,228.7551312,192.361868
Maticha,353.9356,311.1298,257,198.0529
Maturana Blanca,,17.6,12.97903378,81
Mauzac Blanc,3310.19,1932.5551,1525.7547,1529.6148
Mauzac Noir,9.83,,,
Mavro,10969.01403,3575,3187,
Mavro Messenikola,3.19,,,
Mavrodafni,536.94,344.7,324.272194,535
Mavrouda,349.08,520.1,1658.490598,1617
Mavrud,647.4976,1296,1193.412048,1266
Mayolet,3.87,7.3,5.750153286,
Mazuelo,127621.3265,75635.3593,47629.98437,43601.87593
Mazuelo (G),24.51,,,
Mazuelo (W),1034.52,3013.9613,354.6480168,56.0584
Mazzese,79.82,75.96,57.23168095,
Mechta,,,18.7640157,18.7640152
Mecle de Bourgoin,2.1,,,
Mediana,,,,1.14
Medina,,159.4734,123.7173,100.6529
Medna,,,,9.42
Megrabuir,,,,732.41635
Mejsko Belo,,,,0.19
Mekuja Bijela,,,,0.28
Melara,12.94,2.81,1.499820046,
Melhorio,,0.06,0.06120165989,0.06120165989
Melody,,,,5.0564
Melon,13253.43,12305.5799,9550.659707,8594.1317
Mencía,13137.53,10658.3135,11050.58292,11628.6993
Menoir,,65.3538,60.7731,50.2308
Menu Pineau,379.67,205.1965,197.3006734,148.6986
Mergeritar,,,0.2061957088,0.2061957121
Merille,130.94,44.2979,42.19573052,42.19573052
Merlan,,,,0.004800000228
Merlese,,14.49,7.731329632,
Merlot,213428.027,267882.6914,266813.2691,257778.2562
Merlot Blanc,175.91,46.429,44.24833485,12.5689
Merlot Kanthus,,,,3.919456894
Merlot Khorus,,,0.1870000064,6.633905205
Merseguera,7459.98,3946,2372.573275,1871
Merzling,5,,1,1.807495126
Meslier Saint-Francois,54.6,15.0349,12.50875447,12.50875447
Messiás,,,,0.466
Meszi Kadarka,,,0.4794,4.6682
Michele Palieri,24.46,1,0.6885,39.0735
Michurinets,,0.4048583,0.404686,
Miguel del Arco,1267.18,468,,
Milagh,,,,106.498
Milgranet,2.2,1.363,1.284927537,1.284927537
Milia,,1.36,,
Millot-Foch,,,126.4494464,126.4494479
Mindelo,,0.53,0.5292576028,0.5292576028
Minella Bianca,72.91,65.25,19.15857276,
Minnesota Muscat,,,0.3237488,0.3237487972
Miorita,,,7.520639343,
Mireille,,0.152,0.1482342223,0.1482342223
Misket,3763.58,,,
Misket Cherven,,4159,4349.354218,4101
Misket Varnenski,,336,,
Mladinka,,,,5.77
Moldova,,,12374.51023,12431.30977
Molette,29.78,28.8072,17.65218002,17.65218002
Molinara,1636.82,717.2908333,608.5624794,866.4137484
Molinera,,,,0.1
Mollard,23.41,23.1946,22.61995719,22.61995719
Monarch,,,9.614300013,18.86312871
Monastrell,76290.87994,69334.59978,52206.19638,44051.33682
Monbadon,656.65067,497.76376,,
Mondet,,0.33,0.3325530367,0.3325530367
Mondeuse Blanche,21.84,5.7283,6.752796924,14.5304
Mondeuse Noire,1403.977,303.2549,282.3235927,284.2752584
Monemvassia,418.35,480.7,81.48279232,
Monerac,1.5,3.1179,3.015421725,3.015421725
Moneu,,,,29
Monica Nera,2834.92,1403.57,1202.958902,1759
Monstruosa,2.24,1,,
Montepulciano,28728.2977,34949.25399,32901.1978,30889.13899
Montils,131.24,164.1957,165.1542253,165.1542253
Montonico Bianco,656.372464,734.42,567.3182464,
Montreal Blues,,,0.6,0.6000000238
Montu,1091.25,,,
Monvedro,13.72,5.66,3.994511538,3.994511538
Moore's Diamond,19.020246,42.087344,23.94763097,
Moradella,,5.77,1.371876832,
Morava,,,34.11089132,17.61
Moravia Agria,1092.2,550,221.6787,125
Morenillo,38.85,,,13
Moribel,,,,1
Morio-Muskat,1165,487,439.96,362.15
Morisca,,,,202
Moristel,,147,247.0797551,186
Mornen Noir,0.89,,,
Morokanela,,,,16.94
Morone,21.95,12.85,7.27606551,
Morrastel Bouschet,0.75,,,
MosGiallo,,,,46.82
Moscadet,,3.71,3.089437859,3.089437859
Moscargo,,0.15,0.1469200107,0.1469200107
Moscatel Lilaz,,0.01,0.01020027665,0.01020027665
Moscatello Selvatico,105.26,34.75,4.948646546,19.18
Moscato Embrapa,,861.7928333,682.7998544,1024.199829
Moscato Giallo,541.891,1467.4653,1539.852699,1434.548766
Moscato Nazareno,,67.534,39.99477382,59.9921608
Moscato Rosa del Trentino,93.14,81.11720833,38.62113731,101.82
Moscato di Scanzo,72.61,53.18,9.50018231,
Moscato di Terracina,229.31,138.43,22.16642393,
Moschofilero,717.51,1111.2,1087.613227,1824.41
Moschomavro,2294.92,1427.7,112.7975968,
Mostosa,94.87,23.79,15.64821738,
Mourisco de Semente,,60.16,61.05741249,61.05741249
Mourisco de Trevoes,,1.97,1.987957208,1.987957208
Mourvaison,8.81,2.7813,2.712393701,2.712393701
Mouyssagues,0.05,0.077,0.0533689929,0.0533689929
Mskhali,1092.652,1092.652,,96.714
Mtsvane Kakhuri,249,319.4172,319.4172,1116.58
Mujuretuli,,,,195.04
Musann Blanc,,,5,5
Muscadelle,2206.99,1633.2117,1530.365793,1594.924474
Muscardin,19.01,17.3141,16.86157881,16.86157881
Muscaris,,,4.217500091,214.0085045
Muscat,,,743.9868618,1227.167921
Muscat Bailey A,1371.723894,1422.04719,1821.388278,1197
Muscat Blanc à Petits Grains,30105.34813,31259.21477,33793.59409,36052.15493
Muscat Blanc à Petits Grains (G),10442.3673,8767.2222,8257.775,5111.0144
Muscat Blanc à Petits Grains (R),793.7621072,1088.25015,1432.228846,1060.434721
Muscat Blanc à Petits Grains Noir,,,,1.05
Muscat Bleu,,,2.65150005,7.464523177
Muscat Donskoj,,,,0.0005000000237
Muscat Fleur d’Oranger,36.42174,91.054348,267.5486093,14.64200148
Muscat Madam Mathiasz,,,,0.093
Muscat Morawsky,,,,0.07999999821
Muscat Odesskiy,,,,2.069339984
Muscat Ottonel,12642.85,10326.5789,12464.1045,13493.26518
Muscat Swenson,,24.481606,36.66259555,
Muscat Timpuriu de Bucuresti,,,14.58154194,14.58154202
Muscat Yantarnyi,,,683.464338,683.4643555
Muscat de Bugeac,,,1.591006089,1.591006041
Muscat of Alexandria,29468.31215,27647.97444,34954.48695,30218.45907
Muscat of Alexandria (R),,,2.77,
Muscat of Hamburg,7067.648712,8140.266324,7645.459016,7325.199406
Muscatin,,,0.1400000006,0.1400000006
Muscato Gialio,,,,0.52611
Muskat Moravsky,,513.57,,462.8191
Muskat Ottonel,,,,317.69
Muskat Yerevanyan,,,,0.02
Muskat Zhemchuzhnyi,,,1.440483222,1.440483212
Muskat de Yaloven,20,32.26,15.66486436,15.66486431
Mustoasă de Măderat,,255,282,288.323
Muškat D’Adda,,,,0.03
Mátrai Muskotály,,66.7269,49.4507,11.8051
Mézes Fehér,,2.3356,0.5856,1.2806
Müller-Thurgau,36861.91762,22841.4185,19500.69487,18353.00393
Naia,,0.46,0.29162297,0.29162297
Naparo,0.31,1,0.00318,0.00318
Narince,536.8816295,768.75,786.8263857,786.8264048
Nascetta,,21.08,17.01532253,
Nasco,166.06,141.4,91.09752696,
Nebbiera,19.58,12.15,8.681644713,
Nebbiolo,5252.660107,6101.967441,7995.705022,7364.190271
Negoska,96.13,142.5,16.88806903,
Negotinski Rubin,,,,0.03
Negramoll,3556.695025,3194.65,3007.035084,1838.234
Negretto,279.88,75.49,35.18045011,
Negroamaro,16618.87,11491.6,11430.73275,10852.10439
Negru Aromat,,,0.6761331125,
Negru de Drăgăşani,,,18,62.186
Negru de Yaloven,15,15,141.2902484,141.2902527
Nehelescol,,,6.08,
Nektár,,21.2419,22.3465,16.7811
Neoplanta,,,,8.47
Ner d'Ala,7.77,30.13,10.0209123,
Nerello Cappuccio,1501.13,508.06,124.8313716,752
Nerello Mascalese,4167.18,2883.32,1804.959298,2990
Neretta Cuneese,373.92,131.56,119.4600206,
Neretto di Bairo,52.51,33.95,18.57259318,
Nerkeni,,,,53.3
Nero Buono di Cori,113.78,134.84,57.89418934,
Nero d'Avola,11323.247,16649.3286,14257.79516,20192.49898
Nero di Troia,1765.38,2572.48,2512.305743,1586
Neronet,,72.02,6,39.5376
Neuburger,2527.6162,963.87,578.4373913,589.8173576
Nevado,,,,30.401
Nevoeira,,0.38,0.3872049034,0.3872049034
New York Muscat,,4.871795,12.2954254,14.29542506
New York Muscat and VG4111,,,2.034492907,2.03449288
Neyret,75.82,40.91,12.45917891,
Niagara,15342.82247,4669.627408,3264.460647,2751.732816
Niagara Red,,,468.5283607,702.7925415
Nieddera,58.19,106.73,90.7572609,
Nigheddu Polchinu,,,,11
Nigra,7.17,2.5,1.097648284,
Nincusa,,16.55,,13.64
Noah,259.75,563,199.959316,199.9593187
Nobling,101.15,1,52.46910001,52.46910001
Nocera,26.94,14.78,5.034297715,
Noir Fleurien,0.14,0.1747,0.05976152365,0.05976152365
Noiret,,33.103315,24.95784757,18.0068
Noria,,1.36,,
Norton,0.25,329.4926142,327.3127915,115.8567825
Nosiola,191.31,79.26,64.71267859,
Nosztori Rizling,,0.6209,0.191,0.013
Notardomenico,13.13,9.66,9.215427715,
Noual,0.5,,,
Nouvelle,,,428.14,
Novac,,,74,73.235
Nuragus,3185.85,1345.32,1008.26545,1355
Négrette,1319.42,1201.9591,1111.645606,400.042
Oberlin,0.14,64.1977,25.58500645,25.98970645
Oberlin White,0.9,,,
Odessky Cherny,1694.485721,2685.9257,2508.0376,2103.832801
Odola,1.43,0.31,0.3014018046,0.3014018046
Odysseus,,4.4393,25.2084,21.181
Oeillade Bousche,10.16,0.6764,0.6548996981,0.6548996981
Oeillade Noire,,18.2682,17.67109067,33.42109067
Ofthalmo,,141,105,69.406
Ohanes,0.45,15.9345,14.81806409,14.81806409
Ojaleshi,25,32.07,32.07,81
Okanagan Riesling,,,0.5,0.5
Olivette Blanche,,1.836,1.790513369,1.790513369
Olivette Noire,0.44,15.943,15.54563174,17.57563174
Olivette de Laconnex,,,0.005200000014,0.005200000014
Ondenc,12.08,7.8454,0.5168149133,20.4685
Onitskanskii Belyi,5,71,489.738986,423.7389832
Ontario,,,0.006000000052,0.156000006
Opsimos Edessis,,,,0.4
Optima,239,64.672065,37.66965086,36.93754145
Opuzenska Rana,,,,0.002
Ora,,37.73308333,32.39605541,33.54605541
Oraniensteiner,,2.619433,2.1043672,2.00724256
Orelo Belo,,,,0.51
Original,,,4.836732741,4.836732864
Orion,8,13,1,1.0216
Orpheus,,0.325,1.5468,1.1468
Orpicchio,,0.5,0.02048325831,
Ortega,1053,666.70445,532.1794813,504.3887117
Ortrugo,485.02,610.89,709.3251647,677
Osceola,,,,0.53
Osceola Muscat,,,7.049203,7.049203157
Oseleta,,14.74,16.04239864,
Osennii Ciornai,,,8.114625924,8.114625931
Osteiner,3,,0.7,0.67
Otskhanuri Sapere,5,6.414,6.414,40
Ovidiopolsky,,,,0.1272000074
Padeiro,,86.01,87.68715122,87.68715122
Palarusa,,,,2.5
Palas,,,7,7
Palatina,,5.9377,3.1876,1.566699611
Palava,,229.52,,1.945300006
Pallagrello Bianco,,54.52,5.595038157,
Pallagrello Nero,,169.27,106.6046277,
Palomino Fino,28880.93838,22412.52564,23177.2229,14217.26096
Palot,3.63,,,
Pamid,22718.0058,9826.7036,9961.374101,8838.749
Pampanaro,,4.58,0.7532000259,
Pampanuto,277.45,355.73,32.50386235,
Pamyati Negrulya,,,123.1262622,123.1262589
Pannon Frankos,,15.97,12.1139,9.2499
Panonia,,,10.22994946,28.6454
Panse Valenciano,648.93,1,,
Paolina,,1.4,0.1204639096,
Papazkarası,122.2169563,175,204.0052747,204.0052795
Pardillo,7272,4364,3283.163325,1133
Parellada,11188.17,8847,7137.346638,9351
Parraleta,166.68,347.7265,211.3926845,175.7680244
Parreira Matias,,0.7,0.6856267165,0.6856267165
Pascal Blanc,0.15,0.029,0.02828152926,0.02828152926
Pascale,1572.78,375.24,289.252912,0.1020138218
Pasiga,,,,3.247
Passau,11.97,5.17,3.419855537,
Passerina,715.33,894.21,932.5489051,2030.003
Patagonia,29.148,39.5238,,17.38
Patorra,,9.86,10.05503912,10.05503912
Patrizia Rosa,10.45,153.2003889,,411.5455
Pavana,68.55,31.98,19.78456799,
Pe Comprido,,1.06,0.5738677408,0.5738677408
Pecorello,16.38,33.75,9.187294872,
Pecorino,166.1256173,1227.72,1741.999856,2995.55
Pecsi Szagos,,1.0524,0.7635,1.1835
Pedral,179.02,151.29,80.09481868,76.37591868
Pedro Giménez,14862.0256,13501.9026,15576.09,9557.7711
Pedro Ximénez,17271.61838,9234.94,8794.806387,7161.441764
Pelaverga,27.54,54.78,46.10084743,
Pelaverga Piccolo,23.72,5.78,5.677895931,
Peloursin,0.49,,,
Pelso,,0.668,0.6767,0.3967
Pepella,,2.91,0.2004343439,
Perdea,13.28,2.4319,1.989032858,1.989032858
Perera,24.72,3.8,1.883022723,
Pergolin,,,,1.299409787
Perigo,,4.01,4.358263983,4.358263983
Perla dei Vivi,,0.74,0.5769553187,
Perlaut,,1.1238,1.092285386,1.092285386
Perle,122,34,18,18
Perlette,14.38178261,1.2803,2.239560104,10.5885601
Perlita,1.25,1,,
Perlon,,,,2.252
Perola,67.61,,,
Perricone,579.63,228.44,79.71584499,
Perruno,2831,1509,744.5084,293
Persan,2.88,12.0107,11.59454796,8.770309865
Pervenets Magaracha,2836.56734,2880.8,2755.356787,2058.020657
Pervomaisky,64,64,,
Perła Zali,,,,0.008099999977
Petit Bouschet,0.55,15.39,120.4625057,120.4625057
Petit Courbu,74.68,102.4048,1.120511169,118.1205112
Petit Manseng,612.62,1108.92955,1299.477541,504.7995
Petit Meslier,3.4,4.0566,2.823842365,32.31624776
Petit Milo,,,,9.6719954
Petit Rouge,100.33,83.88,68.16482741,
Petit Verdot,1530.431879,6541.558401,8152.705174,9605.972687
Petite Amie,,,0.04926044821,
Petite Milo,,,5.6251354,5.625135422
Petite Pearl,,,10.88322595,24.129473
Petra,,,,1.43
Pexem,,3.48,2.83850571,2.83850571
Phoenix,24,67,46.1296,48.99618504
Picapoll Blanco,34.17,37,40.04373736,74
Picardan,,0.7922,0.7435769275,0.7435769275
Piccola Nera,17.19,17.19,5.54505655,5.740180224
Picolit,92.85,127.57,121.0670702,8.7047737
Piculit Neri,126.17,21.73,8.197034894,
Piedirosso,896.14,698.61,592.6404345,1123
Pignola Valtellinese,69.94,48.56,27.78282838,
Pignoletto,6009.44,1707.25,1174.124104,2330.1
Pignolo,18.43,93.41,50.16143049,
Pineau d'Aunis,429.72,437.1472,413.3659231,347.2125
Pinella,66.21,71.59,127.6808478,73.02181138
Pinorico,,,0.315200001,0.315200001
Pinot Blanc,19875.54258,14717.01355,13773.83187,16458.00618
Pinot Gris,19079.44488,43495.09558,48932.34502,67930.44855
Pinot Kors,,,,2.103735118
Pinot Meunier,13125.24782,13534.59948,14640.18739,23037.14174
Pinot Noir,69187.1242,98622.53922,105884.7001,131982.5671
Pinot Noir Précoce,80.32,273,251.088,367.8452256
Pinot Nova,,,,0.009999999776
Pinot Regina,,,,4.4336
Pinotage,6505.8333,6330.654141,7130.499315,6628.496166
Pinotin,,,0.1641000062,12.02027948
Pione (4N),,,,11.1
Pionnier,,,1.4,1.399999976
Piquepoul Blanc,975.49,1491.8051,1564.230767,2013.0725
Piquepoul Bousch,0.45,,,
Piquepoul Gris,9.4,1.5968,1.5478567,1.5478567
Piquepoul Noir,103.44,69.8471,69.17145129,80.06112987
Pirene,,,,8
Piroso,,,4.207999999,4.207999999
Planinka,,,,0.2047155201
Plant Droit,39.59,19.0794,18.57934331,18.57934331
Planta Fina,,,,134
Planta Mula,1.18,24,10.69146,10.69146
Planta Nova,2029.13,1394.83,887.8864934,759.6003134
Plantet,209,1059.6041,420.397217,232.8094
Plassa,40.74,91.18,85.67976376,
Plavac Mali,6539.321,1569.1,1714,500
Plavac Mali Crni,,,,1274.64
Plavaie,,60.37,152,139.9649
Plavec Žuti,,12.99,82.202,82.72125165
Plavina,,643.39,683,508.82
Pleskunaca,,,,0.17
Podarok Magaracha,148.0571128,504,292,173.0155577
Podarok Zaporozju,,,31.03657809,31.03657722
Pollera Nera,19.23,54.37,32.29683838,
Portan,367.73,264.3114,255.6347484,255.6347484
Portland,8.659944333,12.4,39.009475,12.2
Portugieser Rot,,,,167.67
Pougnet,0.37,,,
Poulsard,295.13,307.2249,90.25385707,90.25385707
Poulsard Blanc,13.61,0.025,0.01826581996,0.01826581996
Pozsonyi Fehér,,10.362,9.5687,6.9305
Pošip Bijeli,6539.321,252.53,,337.42
Praca,,166.33,169.3799467,169.3799467
Prairie Star,,21.059946,23.2142906,4.19929997
Prensal,113.64,105,128.949377,263
Preto Cardana,,4.74,4.643889166,4.643889166
Preto Martinho,427.92,163.4,162.5470686,162.5470686
Prezentabil,,,215.1103741,215.1103668
Prie,35.78,33.3,23.86775369,
Prieto Picudo,3256.1,4587,4293.07674,2825
Prima,,83.5348,81.15517377,100.6151738
Primavera,,39.78,38.96318683,38.96318683
Primetta,17.25,23.63,14.40881694,
Prinzipal,,,2,2
Prior,,,14.20139998,19.68589727
Probus,,,,15.55
Prodest,2.39,,,
Prokupac,15179.77,15179.77,1360.953951,758.74
Promara,,,,27.85
Promissao,,6.12,3.203914605,3.203914605
Prosecco,7507.438,18437.3235,20138.97139,41990.10944
Prosecco Lungo,,1366.68,1450.157959,
Provareau,1.91,,,
Prunelard,2.19,20.459,19.28711114,19.28711114
Prunesta,92.45,36.18,30.87567397,
Prč Bijeli,,,,6.16
Pugnitello,,28.46,14.72390798,
Pules,,,,150
Purcsin,,,0.3011,0.3011
Putzscheere,0.04,,,
Pálava,,,,837.5191
Pátria,,2.9166,4.7964,4.816
Pölöskei Muskotály,,102.8935,207.0298468,204.1825617
Quagliano,8.27,9.14,9.018994095,
Quebranta,230.4662605,345,330,330
Querol,,,,2
Quiebratinajas Tinto,6.23,5,8.69048,8.69048
Rabigato,1133.24,1272.65,1969,1738.64
Rabigato Moreno,,0.89,0.9078246217,5.907824622
Rabo de Anho,,99.35,85.72625753,85.72625753
Rabo de Lobo,,3.25,3.183266898,3.183266898
Rabo de Ovelha,2330.13,908.16,563.3061384,563.3061384
Raboso Piave,1333.6524,776.1899,664.767072,805.4181
Raboso Veronese,306.55,276.87,295.4710266,
Rachuli Mtsvane,,,,4
Radisson,,,7.7,7.699999809
Radmilovački Muscat,,,,0.02
Raffiat de Moncade,16.39,6.5674,6.385245844,6.385245844
Raisaine,1.12,,,
Rambella,,6.08,6.347682668,
Ramisco,71.59,33.74,32.80066798,32.80066798
Ranfol,,133.55,,140.1520041
Ranna Melnishka Loza,,249,,
Rathay,,8.73,31.88,50.625
Ravat,0.88,0.719,0.6964116426,0.6964116426
Ravat Blanc,2.06,6.5251,6.080252654,11.38022382
Rayada Melonera,,1.2,0.9713972082,0.9713972082
Rayon d'Or,0.8,5.8451,5.599664362,1.569098051
Razaki,,,,902
Reberger,,,2,3.01499807
Rebo,37.01,119.9008333,92.45792721,3.158649533
Recantina,,9.38,4.052703464,
Red Globe,2113.340026,242.17,242.17,2471.4385
Red Millennium,,,1.573355293,1.3
Red Muscadine,,,,16.188
Reform,,,,0.0005000000237
Refosco,,,1340.958534,1316.224149
Refosco dal Peduncolo Rosso,710.59,1082.18225,1272.012927,1058
Refosco di Faedis,255.66,217.44,184.6196333,
Refren,,,,0.001300000004
Refrén,,0.3939,0.3939,0.3939
Regent,340.46,2186.35,1974.040756,1868.29113
Regner,151,46,21,21
Reichensteiner,314.2,174.65587,119.5290605,138.2341776
Reliance,,3.5612368,3.87743095,0.930791814
Retagliado Bianco,25.83,28.35,10.99332104,
Reze,0.7,,,
Ribol,,146.5879,140.9167995,179.1567995
Ribolla Gialla,1406.486,1173.41,959.2799186,2050.165419
Riesel,,,,0.1787487353
Rieslaner,70,84,73,73
Rieslina,218.9687,174.4497,103.4,76.5641
Riesling,44483.34615,49767.44475,54491.77796,53420.8119
Riesling Forte,,,2.45450909,1
Riesling Rot,,,,5.990999943
Riesus,,115,115,
Rinot,,,,0.2199984415
Rio Grande,3.77,0.52,0.4881128609,0.4881128609
Ripolo,,1.15,1.112300841,
Riton,2,257,568.1685991,433.8523011
Rkatsiteli,67353.75951,58640.5054,51374.0107,44821.30904
Rkatsiteli Vardisperi,,,,17
Roal,,1.19,0.8043571164,0.8043571164
Robola,359.15,470.6,152.0420409,
Roditis,299.05,4668.3,8463.454658,9060
Roditis (R),6944.89,3826.1,827.9761719,
Rojal Tinta,2845.37,1801,736.149982,335
Rollo,117.4,50.55,15.094385,
Rome,1.58,297,172.143,119
Romeiko,382.39,1597,1131,1141
Romorantin,80.74,72.2891,69.48752069,69.48752069
Romulus,,,1.035927241,1.037427296
Rondeau,,,,12.2
Rondinella,2797.26,2479.832722,2683.375577,2784.117341
Rondo,,40,50.54112419,127.5467848
Roobernet,,,268.93,
Rosa Arica,0.6983826075,1,1,1
Rosaki,,,2.083358,2.083358
Rosciola,,2.34,1.065762292,
Rose Ciotat,,,1.935046165,0.8
Rose du Var,129.28,55.7604,54.37894427,54.37894427
Rosette,,,,0.8094
Rosina,,,1.159621949,
Rossara Trentina,28.92,7.77,6.154119855,
Rossese,232.09,311.74,163.924887,
Rossese Bianco,,7.41,5.117548804,
Rossignola,294.72,188.01,48.78200346,
Rossola Nera,102.46,86.17,28.5593539,
Rotberger,26,17.194332,11.1938237,11.13316
Roter Milan,,,0.1650000066,0.1650000066
Roter Veltliner,515.34,198.9356,197.52,200.2088483
Rotgipfler,236.84,105.23,123.26,113.07
Roublot,0.45,,,
Rouge de Fully,,,0.6457999945,0.6457999945
Rouge du Pays,,,135.6627037,161.4538
Rougeon,36.421746,42.49203,21.448358,31.1619
Roussanne,873.658986,1804.523134,2119.715687,2367.091068
Roussette d'Ayze,2.65,1.2608,0.7725800693,0.7725800693
Roussin,2.74,3.05,1.549636363,
Roviello Bianco,,1.5,0.7021740056,
Roxo Rei,,0.35,0.3480862788,0.3480862788
Roxo de Vila Flor,,0.19,0.1860986802,0.1860986802
Royal de Alloza,,29,5.57021,13
Royalty,338.317532,97.124644,93.07778,
Roz de Minis,,,6.72913431,
Rozala Bianca,,1.5235,2.0663,2.2928
Rubel Muscat,,,,11.55
Rubi,,,,3.5
Rubilande,2.62,7.717,6.755909739,6.755909739
Rubin Golodrigi,,82,82,457.8166402
Rubin Tairovsky,2,2,5.216132845,5.216132641
Rubinet,,,15,15.0407
Rubinovy Magaracha,0.1075090186,0.15364,0.15364,0.153639999
Rubintos,,18.1469,13.482,5.3908
Rubired,4152.887216,4555.550412,4849.475864,3897.126283
Ruby,6.443585225,9.22906,9.22906,9.22906023
Ruby Cabernet,7351.242662,5729.108236,5294.148827,4041.996772
Ruby Seedless,24.51,,,35.2441
Ruche,45.78,99.66,99.65201792,
Rudava,,,,0.0003000000142
Rufete,3397.36,4833.2,1858.51188,3177.883
Rufete Serrano Blanco,,,,5
Ruggine,,1.45,0.8554089673,
Rutilia,,,,0.5375
Ruzevina,,,,0.29
Ryugan,,,27.28403037,14.4
Räuschling,23.27,22.86,23.15309967,27.37019922
Réselle,,,1.087400019,1.087400019
Rózsakő,,18.5626,17.455,14.7371
Rösler,,160.43,216.852,281.8463
Rúbea,,81.34555556,181.1318514,271.6977844
Sabrevois,,9.89765,25.4855645,13.60700038
Sacy,63.4,9.688,8.347122638,8.347122638
Sagrantino,351.33,995.1513,1004.295935,1117.4158
Saint Jeannet,67.9536,55.5048,42.8,23.6798
Saint Macaire,0.52,,,
Saint-Cliche,,,0.1,0.1000000015
Saint-Pierre Dore,0.5,0.391,0.2333891866,0.2333891866
Salvador,572.2005866,393.896722,350.7289,438.2289
Samarrinho,,1.26,0.8440508717,0.8440508717
San Giuseppe Nero,347.76,191.6,82.14740878,
San Lunardo,21.75,9.55,3.738480897,
San Martino,44.21,20.56,6.148058489,
San Michele,120.19,56.74,36.75115466,
Sanforte,,0.52,0.1205792512,
Sangiovese,68841.6532,77874.88576,73474.89987,66769.40509
Sankt Laurent,2968.7536,3664.444672,3272.190874,2749.110132
Santa Maria,14.72,2.88,1.646746626,
Santarena,,739.33,724.1746967,377.511
Santoal,,9.09,4.259098432,4.259098432
Sao Mamede,,0.61,0.5119208791,0.5119208791
Saperavi,6707.068461,8125.5229,6467.929203,21512.58258
Saperavi Budeshuriseburi,,,,37
Saperavi Severny,25,350,325,347.0991126
Saphira,,,8.487000003,9.417000011
Satin Noir,,,0.04960000142,3.433327323
Sauvignac,,,2.085400045,42.22232333
Sauvignon Blanc,65462.53572,111517.9258,125158.9236,144031.016
Sauvignon Blanc (G),75.64,697.7176167,1076.131767,525.1131387
Sauvignon Kretos,,,,0.565699995
Sauvignon Nepis,,,,0.1000000015
Sauvignon Rytos,,,,1.004449518
Sauvignon Sary,,,,0.4930000156
Sauvignonasse,5452.190174,4563.194862,3860.200749,3532.422882
Sauvitage,,,,1.46260001
Savagnin Blanc,440.96,1903.398154,1528.878445,1343.729152
Savagnin Rose,883.31,884.2596,47.60347143,47.32097143
Savatiano,12746.95,9919.6,10267.65054,10336
Scheurebe,4183.92,2037.8064,1624.745421,1731.514153
Schiava,1230.67,516.64,235.9646329,
Schiava Gentile,1158.41,693.9,164.9091574,
Schiava Grigia,78.72,65.91,3.87183529,
Schiava Grossa,3787.71,3010.9,2255.281443,2089.1878
Schiava Lombarda,,0.1,701.0553915,
Schioppettino,93.28,153.81,87.24424624,5.400937317
Schuyler,,,,0.08104970833
Schönburger,37,68.06824667,35.14047956,27.52934052
Sciaglin,3.65,6.3,3.378301898,
Sciascinoso,252.81,93.5,59.37207169,
Scimiscia,,5.237,1.589436143,0.164015648
Scuppernong,,,27.213962,4.956400001
Seara Nova,1213.26,681.29,471,516.594
Seducha,,,,0.17
Segalin,53.91,64.7201,60.98600274,53.1923
Seibel,1968.774,590.2317944,482.4898457,719.3388746
Seibel White,37.05,0.1062,0.06507614479,0.06507614479
Seinoir,14.64,86.9992,49.53349477,49.53349477
Select,7.58,7.0059,7.239979233,34.75879834
Selma Blanca,,,,1
Semebat,2.24,1.6703,1.422144055,1.422144055
Semidano,48.33,36.43,33.63186796,
Semillon,,,,1.1
Sennen,,10.13,2.261781588,
Septimer,,,1,1
Serbia,,,,1.96
Sercial,305.71,105.8,85.2868291,85.2868291
Sercialinho,,8.71,4.081050313,4.081050313
Serena,,,,0.141199999
Serina e Zezë,,,,150
Serna,18.6191,36.1021,,77.5545
Servanin,0.27,,,
Servant,98.22,129.0093,137.9878596,124.9178596
Sevar,,,,0.003500000108
Sevilhao,,14.03,14.29679181,14.29679181
Seyval Blanc,388.66885,568.088364,2699.02462,2655.397862
Seyval Noir,,,75.56873479,107.1531048
Seyve Villard 23-512,,28.58974,,
Sgavetta,60.65,46.74,26.18275537,
Shavkapito,,,,109
Sheridan,500,500,500,376.4943
Shesh i Bardhë,,,,1352
Shesh i Zi,,,,2720
Shinano Riesling,,,,2
Shine Muscat,,,,88.9
Shiroka Melnishka,3804.048,1580,1204.843717,
Sibera,,,,1.694489988
Sicilien,,4.7655,4.647435437,4.647435437
Siegerrebe,168,130.53036,101.8223102,107.7664281
Siegfriedrebe,,,1.7401498,1.744196716
Silcher,8,,1,1
Silvana Rot,,,,0.3
Silvaner,11100.879,7392.813021,6066.008547,6249.243947
Silvaner (R),2,38,25,25
Silvaner Rot,,,,0.7
Siramé,,,0.3351999968,1.360799984
Sirio,22.71,13.74,5.240110629,
Sirius,2,,,0.4674966896
Sirmium,,,,0.28
Siroka Melniska,,,,1184
Slankamenka,,30.59,23,18.78
Smederevka,,,,0.02
Smudna Belina,,,,0.01
Soić Crni,,,,5.35
Solaris,,80.11,118.3557998,747.2659556
Solira,,,,0.6369999796
Somerset Seedless,,,1.4,2.814099976
Somszoekoe Kék,,,0.048,0.1485
Soperga,31.83,22.49,16.5668773,
Soreli,,,0.07649999857,14.88100157
Souvignier Gris,,,2.991300024,229.2791012
Sovereign Coronation,,,0.8847981877,1.084798191
Sovereign Opal,,2.834008,3.035145,5.02215326
Spergola,,110.06,114.7724769,
Spourtiko,,,,12.5
Sremska Zelenika,,0.3881,0.095,0.585
Srpski Rubin,,,,0.03
St Croix,,24.837808,44.50552552,27.08810038
St Pepin,,19.471949,37.14859703,24.37283999
St Vincent,,22.945697,20.26498837,
Stanušina Crna,,,400,423
Staufer,4,,,
Stavroto,104.16,11,0.2224890968,
Stepnyak,,144,144,153.7916068
Steuben,,38.809385,34.66169437,15.8611
Storgozia,,295,,
Strashenskii,,,,16.98
Sublima Seedless,,,,1.64
Sugrafive,117.86,2,0.0207,0.0207
Sukholimansky Bely,1630.790464,2156.4,405.2609465,325.2609558
Sulima,,0.054,0.02945579326,0.02945579326
Sultaniye,12121.70508,3412.8606,5855.949176,9927.367482
Summerland,,,0.1011715,0.101171501
Sumoll,1401.05,83,15.75940707,257
Superior Seedless,6.285443468,9,9,1698.9556
Suscan,,5.28,,4.61
Susumaniello,61.85,49.64,8.029546685,
Sušćan,,,,5.96
Sweet Jubilee,,,,0.09
Swenson Red,,11.269488,9.571209579,4.899999974
Swenson White,,,2.4,2.400000095
Syllogi,,,,13.05
Sylver,,,,0.4493
Symphony,184.132172,324.15349,646.708228,562.5135283
Syrah,102437.1856,184358.8129,183811.1647,189409.0246
Sárfehér,,,1.8704,2.1026
Sémillon,26201.67431,21929.10255,18734.74479,16986.07744
Síria,2790.87,7897.7,7036.75049,5217.714
Tamarez,585.49,342.56,298.0109787,298.0109787
Tamarugal,,,0.7,1.3
Taminga,45.6,,,
Tannat,5593.9655,5698.094155,5581.381521,4862.014157
Tardia de Caxias,,,0.3804412754,0.5706619024
Tarrango,120.1,72.3,4,29.20815372
Tauberschwarz,7,11,16,18.214
Taurus,,,0.3,0.03
Tavkveri,29,37.2012,37.2012,48
Taylor,0.15,,,
Tazzelenghe,67.66,54.91,45.4074414,
Tedi's Best,,,0.07699999958,0.07699999958
Teinturier,1.49,7.47,8.9920175,8.3420175
Tempranillo,93356.14145,232874.0884,219412.824,226804.8993
Tempranillo (W),,5,110.1532481,774
Teoulier Noir,0.63,0.05,0.04876125734,0.04876125734
Terbash,,,,9875
Termarina Rossa,,20.14,2.376779692,
Teroldego,681.6,838.522102,771.2182817,1222.966682
Terrano,1461.027,1862.02,209.2675974,1047.67
Terrantez,26.75,12.16,11.02620297,11.02620297
Terrantez do Pico,,0.34,0.2971762076,0.2971762076
Terras 20,13.21,0.15,0.1458395829,0.1458395829
Terret,2703.23,1390.1386,872.0039009,867.3791
Terret Gris,261.83,78.2091,75.67727756,75.67727756
Terret Noir,369.73,143.3018,138.7648676,138.7648676
Therona,,,67.19,
Thomcord,,,,1.2141
Thrapsathiri,,31.2,26.85078404,
Tibouren,457.04,443.064,432.0871544,465.4637
Tigrani,,,,34.9
Tihanyi Kék,,,0.048,0.1352
Tilki Kuyrugu,171.5926067,245.7,,
Timorasso,18.54,129.3,122.5724688,
Timpuriu de Cluj,,,1.051226006,
Tinta Aguiar,,75.26,76.71982577,76.71982577
Tinta Aurelio,,0.01,0.009794667379,0.009794667379
Tinta Barroca,5656.68,5940.729167,4925.2693,3235.4723
Tinta Bragao,,62.59,63.7936416,63.7936416
Tinta Carvalha,1920.03,1311.21,1113,266.329
Tinta Castañal,,,3.17003,4
Tinta Engomada,,3.79,3.861848757,3.861848757
Tinta Francisca,,52.9,55.33283349,53.94283349
Tinta Malandra,,0.01,0.01020027665,0.01020027665
Tinta Martins,,10.68,10.44043081,10.44043081
Tinta Mesquita,,1.19,1.213832921,1.213832921
Tinta Penajoia,,52.84,53.31783495,53.31783495
Tinta Pereira,,1.05,1.032901777,1.032901777
Tinta Pomar,,29.68,29.97143097,29.97143097
Tinta Roseira,,3.65,3.719450493,3.719450493
Tinta Valdosa,,0.54,0.5337793497,0.5337793497
Tinta Varejoa,,1.04,1.060828771,1.060828771
Tinta da Barca,,344.72,351.6052786,351.6052786
Tinta da Melra,,0.58,0.5867487344,0.5867487344
Tinta de Alcoa,,23.93,24.07503998,24.07503998
Tinta de Cidadelhe,,0.68,0.6936188121,0.6936188121
Tinta de Pegoes,,194.86,190.8588886,190.8588886
Tinta do Rodo,,3.41,3.339981576,3.339981576
Tintem,,9.06,8.873968646,8.873968646
Tintilia del Molise,,111.11,65.97933804,8
Tinto Cão,556.47,368.62,366.9622685,366.9622685
Tinto De La Pámpana Blanca,,,,8837
Tinto Jeroma,1.47,,,4
Tinto Velasco,7998.48,7829,5369.10625,1122
Tinto de Zafra,4.08,2,,
Torbato,168.14,51.9684,46.22352693,31.45571164
Torrontes Mendocino,779.9365,660.9956,652.5,520.0642
Torrontés,,,,235
Torrontés Riojano,8197.243761,8937.3835,8859.47,7913.9999
Torrontés Sanjuanino,3169.5538,2530.9226,3656.29,1452.4905
Tortosi,929.63,503,325.046878,193
Torysa,,,,0.0007999999798
Touriga Femea,,14.77,14.785127,14.785127
Touriga Franca,6671.31,11582.82,14223.82754,15145.871
Touriga Nacional,4221.4,10333.68653,11683.28328,13591.32795
Trajadura,2415.54,2169.07,2492.375742,2539.26
Traminette,4.856232,239.8493,239.4895063,61.10732902
Trbljan,,230.81,,167.93
Trebbianina,,128.18,29.77078762,
Trebbiano Giallo,3983.9,10663.62,2274.777083,733
Trebbiano Modenese,583.49,362.52,287.3447424,
Trebbiano Romagnolo,19491.75,15893.47,19059.45242,15330.05
Trebbiano Spoletino,241.63,200,121.1525282,
Trebbiano Toscano,137053.8381,111205.1044,120344.4319,148576.3072
Trebbiano d'Abruzzo,8435.13,5090.58,2629.999769,2560
Trepat,1763.36,1358,1198.76564,1430
Tressot,0.21,0.3393,0.3449847089,0.3449847089
Trevisana Nera,33.3,15.44,11.40971248,
Tribidrag,26893.81842,32708.50483,33628.90132,30675.09277
Trilla,,1.1,1.1,1.1
Trincadeira,7263.98,9245.87,10508.7238,6897.4868
Trincadeira das Pratas,215.76,238.69,123.8321353,123.8321353
Trincadeiro Branco,,59.44,48.52984214,48.52984214
Triomphe,,15,2.771458997,2.986959069
Triplett Blanc,,244.02562,411.565662,
Triunfo,,1.94,1.94559371,1.94559371
Trnjak,,15.32,,24.31
Trobat,82.55,1,3.05555,3.05555
Tronto,,1.62,1.038144644,
Trousseau,2222.928948,3449.9171,1262.403211,1485.509061
Tsimlyansky Cherny,,451,451,181.5595358
Tsitska,2839,3641.869,3641.869,253
Tskhvedianis Tetra,,,,2
Tsolikouri,6161,7903.331,7903.331,768
Tsulukidzis Tetra,152,194.9856,194.9856,36
Tsvetochny,,169,169,95.05175698
Tsvetochnyi,,,,6.175480036
Turchetta,,3.01,2.450622827,
Turán,,177.447841,183.4280972,156.264348
Táltos,,1.0356,0.5404,0.2
UD 31103,,,0.09189999849,0.2018992192
Ucelut,10.43,9.67,9.556988489,
Unirea,,,0.5902749395,
Usakhelouri,8,10.2624,10.2624,43
Uva Cao,33.31,0.81,0.3850384225,0.3850384225
Uva Longanesi,,512.47,538.6310704,
Uva Rara,570.3,459.69,196.5351406,0.0003000000142
Uva Tosca,83.54,70.65,29.06471271,
Uva del Fantini,,0.15,0.01036653254,
Uva del Tunde,,1.56,1.552057513,
Uvalino,,1.35,1.350290012,
VB 32-7,,,3.237500045,5.8075
VB 91-26-25,,,0.7602999732,0.7602999732
VB 91-26-26,,,0.3307000026,0.3307000026
VB 91-26-27,,,0.266699994,0.266699994
VB Cal 1-14,,,0.05260000005,0.05260000005
VB Cal 1-29,,,0.01080000028,0.01080000028
VB Cal 1-33,,,0.01080000028,0.01080000028
VB Cal 6-04 N5,,,0.3975000083,0.3975000083
VB Jura 25,,,0.04960000142,0.04960000142
Valais Noir,4.04,,,
Valbom,,165.88,162.4739425,162.4739425
Valdiguié,79.06,272.174524,126.4747644,126.4747644
Valenci Tinto,4.81,27,26.3688,26.3688
Valentino Nero,56.4,20.52,20.29977647,
Valerien,2.02,24.2357,22.68101793,22.50930158
Valiant,,10.8481116,10.97825137,2.0235
Valveirinha,,0.31,0.3162085761,0.3162085761
Valvin Muscat,,6.07029,,25.4961
Van Buren,,,,0.4047
Vandal-Cliche,,,14.3,14.30000019
Vanessa,,,,1.4141
Varousset,11.57,4.6947,4.533050619,4.533050619
Vasilaki,2.618934778,3.75,4.143857143,4.143857002
Vasilissa,,,,10.65
Vega,27.23,34.71,26.91772901,
Ventura,38.84986,24.28116,10.11715,8.9034
Verdea,107.28,83.48,38.64002548,
Verdeca,2208.38,795.75,912.5111546,623
Verdejo,4452.5,16578,17924.70287,25320.12078
Verdelet,,0.6072875,39.8320316,0.7284348
Verdelho,1640.18,1979.339588,1563.596822,1566.168098
Verdelho Tinto,0.59,28.16,28.6258216,28.6258216
Verdelho l'Anjou,,0.1554,0.1443302841,0.1443302841
Verdello,661.72,287.25,179.4113031,4
Verdesse,8.1,9.9811,2.973406135,1.612258423
Verdial,,0.5,0.2342738412,0.2342738412
Verdial Tinto,,2.6,2.547019128,2.547019128
Verdicchio Bianco,5042.84,3531.578806,4681.56831,4701.638851
Verdil,130.83,57,49.8452,63
Verdiso,71.14,67.57,52.17624293,
Verdoncho,3091.56,2124,,1377
Verduschia,14.61,11.44,8.636175009,
Verduzzo Friulano,1597.5044,812.4256,688.9644871,743.5722
Verduzzo Trevigiano,1657.32,708.48,531.0297906,679.1246723
Vermentino,5837.6293,8873.511767,11449.20002,18128.75939
Vermentino Nero,143.24,209.84,123.9645211,
Vernaccia di Oristano,565.35,271.88,245.6903298,
Vernaccia di San Gimignano,854.14,522.07,884.0998535,1301
Verona,,,,0.07
Vertes Csillaga,,21.2977,11.427,5.7816
Vertzami,491.36,335.1,150.128132,
Veruccese,,0.36,0.2076206271,
Vespaiola,104.55,94.47,90.45917718,
Vespolina,103.37,134.28,87.56962962,
Victoria,145.4859,52.39,620.322826,723.2433664
Vidadillo,,,37.70388,32
Vidal,610.87115,1643.806452,1936.48364,759.7231054
Vidal Noir,0.42,,,
Vidvizhenets,,271,271,289.42726
Vien de Nus,25.4,12.61,8.691721401,
Vignoles,68.39194,254.264219,240.8729151,67.3802
Vijariego,509.54,285,368.67765,223
Viktor,,0.18,,0.8138
Viktória Gyöngye,,190.3597,197.8199,164.4638
Vilana,506.35,579,650.0045556,568
Vilana (R),59.78,,,
Villard Blanc,739.78,466.0486,742.6659554,439.2312554
Villard Noir,600.7,1273.174829,777.1505285,322.9166
Villaris,,,,2.789999997
Vincent,,11.331208,8.09372,10.5222
Vineland 53035,,,4.04686,4.046860218
Vineti,0.39,,,
Vinhao,5900.873382,3113.433672,4467.231219,4482.681
Vinyater,,,,7
Viognier,3159.648153,11604.52358,16121.8349,13556.56805
Violeta,,97.68152778,635.8609214,953.7913818
Viorika,40,347,557.7442917,250.7442932
Viosinho,16.68,225.27,916,1256.229
Vital,2246.37,1181.53,659,456.987
Vitovska,41.97,49.8,50.61688521,
Vitovska Grganja,,,33.496,43.22534937
Vlaška,,,,7.06
Vlosh,,,,33
Voltis,,,,5.004964604
Voskeat,809.372,809.372,,146.6724
Vostorg,,,17.23218778,17.23218727
Vranac,,148.56,9502.798107,11052.16
Vrtovka,,,,0.08658
Vugava,,35.76,,0.07
Vugava Crvena Omiška,,,,0.02
Vuillermin,0.09,4.19,2.861407543,
Vulcanus,,4.6625,5.3953,6.0419
Váh,,,,0.001099999994
Vênus,,1.154166667,0.2552495534,0.5828743398
Weldra,,,1.99,
Würzer,107,69,53.769,54.11274756
Xara,,0.04,0.04080110659,0.04080110659
Xarello,10298.62,8394,8533.995937,11229
Xinomavro,1815.62,1970.9,2134.503045,2167.25
Xinomavro (W),2.75,,,
Xynisteri,2742.253508,2092,1946,1964.245588
Yalovenskii Ustoichivyi,,,128.8999482,128.8999481
Yama Sauvignon,,,23.99199256,53
Yamabudo,,,35.0445574,105.6
Yamasachi,,,19.97222222,34.7
Yan 73,,,4800,1920
Yaqui,22.36,2,1.017,1.017
Yiannoudi,,,,29.21
Yubilei Zhuravlya,,,1.242741537,1.242741585
Zacretska Belina,,,,0.26
Zadarka Crna,,,,0.36
Zalagyöngye,4330.14,1947.8582,1258.5697,543.989087
Zalan,,,,0.407
Zalema,5968.53,4097,4014.7604,3329
Začinak,,,,1.28
Zefír,,49.3487,14.6166,7.3342
Zelen,,,75.108,91.65157374
Zengő,,264.4731,225.7329,144.068502
Zenit,404.686,579.9737,660.4372,634.8818
Zeusz,,27.5101,27.4942,28.0744
Zghihară de Huşi,,,54,57.6843
Zierfandler,196.48,117.3283,105.3869,77.0614
Zilga,,,,0.49
Zlatarica Blatska,,,,0.54
Zlatarica Vrgorska,,19,,
Zweigelt,11618.18684,9948.71983,9067.382057,8483.290619
Zéta,,118.3665,117.5623,109.0508
other,,,3149.71004,159258.7509
other grey,,,8638.926721,
other red,203968.4851,107100.0133,188493.9493,46742.25022
other white,337810.9118,130967.4113,149174.0739,33511.47784
Çalkarası,436.4891297,625,805.75,805.75
Çavuş,,,2.762571429,2.762571335
Öküzgözü,1032.733281,1478.75,1601.338071,1601.338122
Úrréti,,0.11,0.3268,0.08
Škrlet,,61.21,,70.31
Žametovka,,841.82,821.809,687.3087063
Žilavka,,,185,221.15
Žlahtina,,134.55,,150.1
Župljanka,,4.12,505.3803484,286.5
Șarbă,,,266,319.9135
