iso3,mean_rev,med_abs,va,spi,pwt_statcap
ABW,0.9737394837345136,1.7785809041550191,1.203566119047619,,
AFG,0.05047965445795682,1.1330316355805552,-1.4350172538461514,52.66078703703702,
AGO,1.4552601590112635,1.3755066758303949,-1.1908787961538443,54.95787037037036,44.44443856209152
ALB,0.18442332760001076,0.49684258608951515,-0.042280499999999895,78.7175462962963,76.0130751633987
AND,0.034169535623038115,0.6494179805081437,1.2986316923076922,45.01069444444446,
ARE,1.2607751084000287,3.2592119975249645,-0.7395333461538459,65.83263888888888,
ARG,-0.3137262584091416,0.5939874535450385,0.44331434615384613,73.20412037037039,85.1307202614379
ARM,1.0385027135996632,0.299999999999935,-0.35745949615384603,82.93657407407407,87.38562483660131
ATG,-0.0032178629189717673,2.114204607787289,0.5145808153846153,53.975499999999975,47.77778370370371
AUS,0.3002161961522704,0.409727294111073,1.531020073076923,85.94240740740742,
AUT,0.16128883650607054,0.37056957777210897,1.4878848115384615,88.74416666666669,
AZE,-0.01684523433589367,0.7999999999997094,-1.1834446307692283,66.96847222222222,75.13072091503268
BDI,-0.48792780031088867,1.3503904949314995,-1.117076096153845,49.62314814814815,53.30065947712417
BEL,0.33381761169298835,0.4923596921067499,1.495021253846154,83.50833333333334,
BEN,0.08290912460073165,0.8261343402985943,0.0766357692307693,59.67083333333338,60.81700196078433
BFA,0.6612681853692676,0.798493901912023,-0.3545939653846149,61.46939814814815,67.0588294117647
BGD,0.11501494681039505,0.42778117350462663,-0.7081916538461529,64.44550925925925,69.54248823529413
BGR,-0.07724088448924894,0.8999999999999497,0.34330737307692305,82.89046296296297,88.03921503267973
BHR,0.7465466826161585,0.8636809547244826,-1.0250270692307664,50.76379629629629,
BHS,0.11403152534419292,1.549999610134646,0.8534622076923076,47.521064814814814,
BIH,3.1337612810440993,1.0550999999992703,-0.1588981653846151,63.74694444444444,61.241837254901974
BLR,0.7137832050634015,0.20000000000024976,-1.2931288423076883,78.47453703703702,83.98692549019609
BLZ,1.9523744929834856,2.088271367263479,0.4807487923076923,59.596111111111114,60.88889185185185
BOL,0.026762484088412877,0.5499176138975799,-0.11827424615384602,63.54333333333333,69.21568692810459
BRA,0.3393431100335342,0.3626472221103165,0.4042824923076923,78.86731481481482,81.53594640522876
BRB,-0.19577199650991425,0.750000000000033,1.0680381307692308,61.756805555555566,
BRN,-0.4230731446816492,0.924378574540595,-0.7363462499999996,60.88441666666667,
BTN,-0.31526312937467876,1.6062147598444685,-0.1518388499999998,54.56597222222224,68.66667555555556
BWA,0.8046795622493295,3.390327106997197,0.4333574461538462,59.050648148148156,57.745090196078415
CAF,0.06951577749531757,0.9126289246116855,-1.1186293884615373,45.24347222222224,47.091503267973856
CAN,0.1388289043250583,0.4075167318833628,1.542774946153846,89.47384259259259,
CHE,0.5164888293350709,0.5644305909192073,1.6364651692307695,87.5490740740741,
CHL,0.3870581350557883,0.5984802882922531,1.1223773461538462,83.65912037037035,92.71241960784313
CHN,0.6740442770079947,0.5102244303034664,-1.511626265384612,57.018055555555556,68.75817065359476
CIV,0.45059111732688223,1.0077483904772653,-0.9150065961538458,58.4949537037037,66.04575555555556
CMR,0.5942078868994797,0.3507333589853774,-1.1558614884615368,57.535787037037025,59.18301372549019
COD,0.04837714052679373,1.9992103564249912,-1.4040936307692264,41.68666666666666,42.81046013071895
COG,1.1851260308328833,2.162716046140483,-1.187533588461536,36.949166666666684,48.23529999999999
COL,0.2257378260544487,0.2800000000000036,-0.14515934230769223,77.85486111111112,83.46405294117646
COM,0.5686587726103477,1.8363984145611387,-0.7648867192307685,50.50375,46.592579259259274
CPV,0.5648327543865247,1.9209878757198093,0.7911098807692307,59.54453703703704,69.7037
CRI,0.5767158691186666,0.7939463245729002,1.1062578461538461,86.77796296296296,79.4771209150327
CYP,1.2727130868005487,1.2628133638710537,1.0409395115384614,79.44231481481481,
CZE,0.2947759181865274,0.5748870147656329,0.9537518192307692,86.85125,
DEU,0.2532990994201715,0.39541502444867554,1.5545540692307693,88.88865740740742,
DJI,-0.8619409382231084,1.1999999999997506,-1.1343746038461526,37.5824537037037,48.07408222222223
DMA,0.735726074556471,1.9305545832810782,0.7557032769230769,38.439083333333336,53.62962814814815
DNK,0.35926116959142823,0.6752478527600524,1.7802838692307692,89.19847222222222,
DOM,-0.49902147954698595,1.093841300281455,0.002032334615384615,68.37768518518516,71.53594836601307
DZA,-0.13074467039208323,0.5060116779213444,-0.9246700769230751,55.397037037037045,56.96078496732026
ECU,0.9059325893990964,0.8127846011030848,-0.19113993076923058,75.16050925925923,76.56863202614379
EGY,0.6865928842675132,0.20000342987411757,-1.2477647269230756,76.3123611111111,86.60131045751635
ERI,-0.5903300046405208,3.424232147966011,-2.1269519999999975,,
ESP,0.21434379720833094,0.3417110637281884,1.1847462500000001,89.55953703703705,
EST,0.23249922803981088,0.8229315854647898,1.1832522153846154,86.76009259259258,
ETH,-0.0661847242501847,0.9802533197278303,-1.2129155230769209,56.61462962962962,68.20261895424836
FIN,0.051133966878547155,0.42392801089574883,1.7632611384615384,90.88180555555556,
FJI,0.49372841395230127,1.6303895378972268,-0.2542307423076922,60.979583333333316,61.25926148148148
FRA,0.3030044132719134,0.4121145720880389,1.2518052576923075,88.27763888888889,
FSM,0.24490159122744315,2.8000009999994613,0.8844166846153846,32.576898148148146,
GAB,0.49532590127525633,0.9590768107734358,-0.9539633038461532,37.61504629629629,40.130709150326794
GBR,0.4165450159448348,0.4996901118461625,1.3860935,85.14393518518519,
GEO,0.5853203718262401,0.4047814601273858,-0.08311498076923061,84.54273148148148,85.88235686274508
GHA,0.13197551897555496,0.4741937639753506,0.26879555000000005,63.72986111111111,61.89542941176472
GIN,0.9081699922544173,0.8732787723126957,-1.1196070384615382,50.337777777777774,57.6470614379085
GMB,-1.2479052181303392,1.2658763543930318,-0.8341236153846139,58.04796296296294,64.05228954248365
GNB,0.4930421583190001,1.3654311942469226,-0.8060967769230759,40.14782407407409,42.941172549019605
GNQ,4.586318177602328,4.112908442925917,-1.756043919230765,33.45841666666666,35.037034814814795
GRC,-0.1727190613624846,0.8000006815611541,0.9318300307692307,86.44435185185186,
GRD,0.832513327261184,1.4484360483097611,0.6191590076923077,49.42847222222223,50.22222444444444
GTM,-0.014267561431466413,0.40680095312280073,-0.3520400307692304,68.85976851851854,76.14379411764706
GUY,-0.32992960567177787,1.0434034562240622,0.05927094615384616,47.78620370370369,55.48148222222222
HKG,-0.2632313578799289,0.3290069052661768,0.4050655653846154,,
HND,0.039097829645066216,0.8633724856320821,-0.5377288730769227,61.49601851851852,68.00654444444444
HRV,0.12875881088962735,0.5703247004734981,0.4673341692307692,76.91277777777779,85.75163856209149
HTI,0.3908236463963875,1.3600829267601418,-0.8837381153846153,38.27824074074075,41.07843333333334
HUN,0.13673257842654757,0.6610314843454472,0.6571234307692309,86.52763888888892,
IDN,0.4696542147927344,0.22775513725101826,-0.14452484999999995,75.31379629629629,85.7516366013072
IND,0.17001905645758983,1.2394472360200912,0.26179765,71.67384259259259,78.82353529411765
IRL,1.3415581100018628,1.6739407333977896,1.45149825,88.25222222222222,
IRN,0.23199987488604015,2.1788594682735587,-1.3320825192307655,56.440277777777766,73.49673398692809
IRQ,-1.2070625924046057,3.0985394738583523,-1.252110346153844,43.63736111111112,43.07189934640523
ISL,0.24258067204006228,1.273229092305241,1.5154510307692308,78.94555555555559,
ISR,0.7507636118284674,0.7966720254978799,0.5442684038461538,83.69578703703705,
ITA,0.19000425889610684,0.22465440663702352,1.0076725346153845,90.06740740740742,
JAM,-0.06567153278176086,0.750000168612143,0.4964469730769231,63.212407407407404,73.66013071895425
JOR,0.42857274064947376,1.291958472293298,-0.643561015384615,67.40083333333331,73.75818039215685
JPN,0.0419972475021038,0.5589456674134178,1.1376142692307694,86.55962962962963,
KAZ,0.636913246629979,0.19999999999993,-0.9038711692307686,79.2325925925926,90.35947843137254
KEN,-0.10456028244846917,0.6396162718762946,-0.46476746923076867,62.92814814814815,58.95424771241829
KGZ,0.7801697680513096,0.5157054609114309,-0.6656027076923068,80.91648148148148,87.18954379084967
KHM,1.453304974348546,1.999999152178614,-1.1709581692307671,57.88037037037038,67.94117647058823
KIR,0.07856099993449232,2.5016437370044233,0.6977266730769232,38.760416666666664,
KNA,0.8499710592497998,2.086253035895771,0.8419452846153845,41.22125,55.33333481481481
KOR,0.759356323918529,0.6023300787279641,0.8121325423076923,85.66791666666666,
KWT,-1.0847224559941235,1.7829585581501863,-0.3749963269230767,57.984861111111144,
LAO,0.07804853578130513,0.3502176751482504,-1.4353013846153808,54.011666666666684,67.97386274509803
LBN,-1.1909188522735734,1.399999999999976,-0.5508530576923074,53.207175925925924,54.64051830065358
LBR,-0.9748703600291939,0.7825826574935757,-0.43334526923076866,55.54375,38.23529346405229
LBY,-5.809653864581102,5.53393150271461,-1.479011549999998,25.91587962962962,
LCA,0.5479359639609467,2.8220289038759425,0.9552842538461538,60.13666666666667,60.81480814814815
LKA,0.4330548907286061,1.0154633803315665,-0.37054696538461496,75.64240740740742,76.40523137254903
LSO,-0.873833932488097,2.4591800858333457,-0.09575239999999983,55.375555555555565,66.20915686274509
LTU,0.9789189714587793,0.8709213187637417,0.9125109384615384,86.31967592592594,
LUX,0.42016812740981757,1.2453521737515212,1.5948561807692307,80.69958333333334,
LVA,0.2853477389469466,1.2999992512151124,0.7758054423076923,86.2097685185185,
MAC,1.4550055450635921,1.7991177397112268,0.3326387307692308,,
MAR,0.38112190231224213,0.6733742100710451,-0.6512073423076922,67.3824537037037,77.81045816993463
MDA,0.4742044371638957,0.49617736204221075,-0.09945083461538438,80.3127314814815,87.12418496732026
MDG,-0.3614972996831988,0.42878502712247135,-0.47174918846153824,52.28972222222221,62.48366535947713
MDV,0.6035748667592332,2.12723144469334,-0.528042392307692,57.704953703703694,64.07406814814814
MEX,0.09640336752511114,0.5101835600856782,0.08422520769230774,87.4464814814815,83.46405555555555
MHL,0.8984950220962048,2.574067999999915,0.9744883000000001,31.370601851851866,
MKD,0.9127938340854364,0.8590638776776922,-0.12417944615384603,76.47115740740739,78.95425163398693
MLI,0.18380193234461226,1.4517692613225055,-0.2643480692307691,58.32175925925925,62.90850130718956
MLT,1.713050930132628,1.8999999999998214,1.1403735192307691,78.01018518518518,
MMR,2.6665505958227507,3.061560389551336,-1.721637365384614,60.98189814814813,56.045746405228755
MNE,0.23835498258536253,0.9750056492576318,0.04298691200000007,68.10615740740741,63.52948300653595
MNG,0.2395957243502987,0.5243391977165377,0.21152102307692308,79.23870370370369,78.10457254901961
MOZ,0.48249989765287654,0.8621609148493525,-0.40573010384615354,59.541111111111114,70.22876535947712
MRT,-0.759792329843413,2.5292573490006793,-0.8728534076923073,53.757500000000014,59.34641437908496
MUS,0.09894669934404685,0.6676491786910315,0.7278399961538462,75.78888888888888,76.33987450980393
MWI,-0.13120427380778737,1.2541780537217564,-0.23808380769230741,60.4160648148148,73.26797843137255
MYS,0.39926504347928016,0.21499148190105766,-0.37527189999999966,72.18611111111112,77.28758104575162
NAM,0.827716974665861,0.9162446737432275,0.3520632923076923,52.82981481481481,54.64053071895426
NER,-0.39874974948349845,1.6565187222045568,-0.5104081307692305,62.27083333333334,67.54902549019607
NGA,0.4004887665154441,1.3845075417409811,-0.774108903846153,60.323148148148135,62.81045620915032
NIC,-0.014955908511231533,0.7500076957017032,-0.6419110846153836,52.52217592592592,69.47712679738562
NLD,0.550825285335346,0.6055580746234166,1.7160857884615386,84.04412037037036,
NOR,0.23704694082189312,0.5547160621574989,1.8133328346153847,89.70273148148148,
NPL,1.1022114433681751,0.9406462016104735,-0.40040604615384584,56.995462962962975,69.21568758169934
NRU,-0.053895152357411824,5.649999999999993,0.8215436076923077,45.29027777777777,
NZL,0.3485975506286392,0.6120122534920522,1.6761822576923076,85.86680555555557,
OMN,0.2546084089201657,1.503130434242323,-0.7355771846153843,53.31513888888889,
PAK,-0.4567756191716702,0.7431294049532253,-0.9892662307692303,64.1213425925926,75.7516385620915
PAN,1.2068765909085066,1.2607069083097509,0.5055604730769231,67.41671296296296,74.0196117647059
PER,-0.37748582868208647,0.472843875988755,0.13366085384615384,71.91231481481482,85.09803921568627
PHL,0.09913965850183358,0.2464214836167926,-0.10865675769230759,78.67458333333333,84.0522862745098
PLW,-0.1422211264520051,2.0119667058468047,1.083355023076923,55.35091666666669,
PNG,1.706348756273545e-05,2.1714361830755156,-0.20242062692307672,40.40152777777777,
POL,0.5440422026764469,0.571600037091301,0.8728766576923076,89.5599074074074,82.94118104575165
PRI,0.5939783200650806,0.8688338181406015,0.7831942,,
PRT,0.5410652885508334,0.5217103145265671,1.3463810615384615,88.84444444444445,
PRY,0.022779263809693886,0.9560654816414065,-0.22517504615384576,64.29055555555556,67.51634183006536
QAT,0.46105545348647786,2.1551158100563086,-0.9086010115384601,57.894398148148156,
ROU,0.3486329541631445,1.2000000000002458,0.39607359615384613,82.89291666666668,88.36601633986929
RUS,0.6692890684232242,0.4833532772369038,-0.7213971499999995,77.19898148148148,82.32026470588234
RWA,-0.1679451367012455,1.751852195782952,-0.982545246153844,66.1899537037037,68.13726143790849
SAU,0.5295940875035728,1.2508994288018245,-1.6620356499999962,65.32666666666665,
SDN,-0.6598713278490141,1.7252138336431075,-1.7523159192307662,40.052083333333336,46.209150326797385
SEN,-0.5974264019536688,1.348268261699253,-0.006486788461538348,69.42875000000001,73.85621176470588
SGP,0.9951036355370662,1.2043081204055759,0.17752250769230768,79.96342592592593,
SLB,-0.29341121583174934,2.3133356442062007,0.10405116923076926,44.6725,
SLE,-1.0388341086152064,2.7452940885720643,-0.3989630230769224,54.85615740740741,50.45752222222223
SLV,0.010679958079048247,0.7500015021962716,-0.16196737307692288,70.86490740740739,84.05229143790848
SMR,1.5971033553469987,1.5152861854081578,1.25085775,,
SOM,0.3644690954882188,1.5000000000000648,-1.7640756615384585,34.41229166666665,
SRB,-0.1070459627210519,0.5000000000000044,-0.16221488076923027,77.77564814814815,75.88817058823528
SSD,-1.1783633150589432,0.721137997996762,-1.744109864285712,28.168657407407398,
STP,-0.3045742858470249,1.09999999999985,0.21165222307692308,51.57912037037036,62.29629925925926
SUR,-0.11774318046491627,1.8933360708171814,0.26342210384615383,52.86694444444444,64.0000074074074
SVK,0.11028961113331046,0.6304372557075979,0.8951382307692307,86.3475,
SVN,0.5246454343673203,0.4791608986739937,1.0019627923076924,90.3315277777778,
SWE,0.23645810184650048,0.522760163959109,1.7441424499999998,90.89120370370372,
SWZ,1.6401706897235397,1.694529123365619,-1.2708847807692272,53.86189814814816,62.22222352941177
SYC,2.0742150098284666,2.2105051884608597,0.2740957692307692,59.56015625000001,65.77776962962963
SYR,0.5809490668820301,1.999998748126,-1.7895925807692263,27.073333333333338,49.084968627450976
TCD,0.761193280757211,2.2527111454068125,-1.3009880307692294,41.50888888888889,56.568637254901944
TGO,0.1848347070387318,1.3944110136109558,-1.0096483307692286,62.77842592592593,58.56209215686273
THA,0.4296421364650858,0.47932721957302693,-0.4538269038461537,80.14555555555555,82.05882549019607
TJK,0.7506353679058521,0.0009416069245506975,-1.3115383961538418,55.97416666666666,73.39869673202614
TKM,1.8221243968571756,3.4000000000001016,-1.817213449999997,25.3111574074074,40.849669934640524
TLS,-2.1120020173703344,2.029958335969304,0.004907442307692309,57.103958333333324,
TON,-0.062004628186250896,2.266015770257644,0.35111665000000003,62.489583333333314,
TTO,1.2504229383842693,1.2069174800266496,0.5326841538461539,49.48958333333332,63.95424640522877
TUN,-0.19823858541245892,0.5830160445971718,-0.576452161538461,68.85337962962961,73.88889869281044
TUR,0.6980811338260156,0.671768288642693,-0.46393690769230733,77.80935185185184,81.96078954248365
TUV,0.3695193908970445,2.725320266839822,0.795561626923077,42.37597222222223,
TZA,-0.15060104065165486,0.733935817173875,-0.4063131307692306,63.786111111111104,67.7124248366013
UGA,1.0127715706367795,1.0241318534169026,-0.7979263961538455,67.45388888888888,67.81046666666667
UKR,0.30076548322328395,0.19661469759208927,-0.1959571115384614,73.88611111111112,83.52941241830065
URY,-0.23857634124952937,0.9733943527421067,1.1231962192307692,73.13004629629629,87.25490065359476
USA,0.17010863541571955,0.3975542180255587,1.1902048923076924,89.39986111111111,
UZB,0.07596496727217443,0.3500016099754135,-1.520342488461535,62.66013888888887,56.405224836601306
VCT,0.27599524840252215,1.5096445815892792,0.847019623076923,46.11412037037036,55.92592666666666
VEN,0.43718304469376496,0.7160277527409536,-1.083166342307691,46.58268518518519,77.41830261437909
VNM,0.6855025213100134,0.4383033696520924,-1.1920066961538431,62.84569444444445,72.87581895424834
VUT,0.0938608913120353,1.6359355669495084,0.42451211923076926,45.760416666666664,
WSM,0.5483274207873585,1.751000897548054,0.6510383076923076,60.19060185185184,
YEM,6.630866086297082,5.379168408084704,-1.328176023076922,35.719074074074065,51.83007385620916
ZAF,0.4090927763103825,0.4280269732507608,0.5748510807692309,78.00875,80.00000196078432
ZMB,0.5203079409159437,1.5189591606164214,-0.3458560076923074,61.378657407407395,59.150332679738575
ZWE,2.0703549309829326,1.9764823938584302,-1.395089838461536,62.52634259259259,55.71894575163398
